gene_id	bulk_70n	bulk_60n	bulk_50n	bulk_40n	bulk_30n	bulk_20n
GENE000	19.475000	17.460000	15.345000	13.130000	10.815000	8.400000
GENE001	20.615000	18.527000	16.335000	14.039000	11.639000	9.135000
GENE002	21.755000	19.594000	17.325000	14.948000	12.463000	9.870000
GENE003	22.895000	20.661000	18.315000	15.857000	13.287000	10.605000
GENE004	24.035000	21.728000	19.305000	16.766000	14.111000	11.340000
GENE005	24.462500	21.825000	19.057500	16.160000	13.132500	9.975000
GENE006	25.602500	22.892000	20.047500	17.069000	13.956500	10.710000
GENE007	19.760000	17.848000	15.840000	13.736000	11.536000	9.240000
GENE008	20.900000	18.915000	16.830000	14.645000	12.360000	9.975000
GENE009	22.040000	19.982000	17.820000	15.554000	13.184000	10.710000
GENE010	22.467500	20.079000	17.572500	14.948000	12.205500	9.345000
GENE011	23.607500	21.146000	18.562500	15.857000	13.029500	10.080000
GENE012	24.747500	22.213000	19.552500	16.766000	13.853500	10.815000
GENE013	25.887500	23.280000	20.542500	17.675000	14.677500	11.550000
GENE014	20.045000	18.236000	16.335000	14.342000	12.257000	10.080000
GENE015	20.472500	18.333000	16.087500	13.736000	11.278500	8.715000
GENE016	21.612500	19.400000	17.077500	14.645000	12.102500	9.450000
GENE017	22.752500	20.467000	18.067500	15.554000	12.926500	10.185000
GENE018	23.892500	21.534000	19.057500	16.463000	13.750500	10.920000
GENE019	25.032500	22.601000	20.047500	17.372000	14.574500	11.655000
GENE020	25.460000	22.698000	19.800000	16.766000	13.596000	10.290000
GENE021	19.617500	17.654000	15.592500	13.433000	11.175500	8.820000
GENE022	20.757500	18.721000	16.582500	14.342000	11.999500	9.555000
GENE023	21.897500	19.788000	17.572500	15.251000	12.823500	10.290000
GENE024	23.037500	20.855000	18.562500	16.160000	13.647500	11.025000
GENE025	23.465000	20.952000	18.315000	15.554000	12.669000	9.660000
GENE026	24.605000	22.019000	19.305000	16.463000	13.493000	10.395000
GENE027	25.745000	23.086000	20.295000	17.372000	14.317000	11.130000
GENE028	19.902500	18.042000	16.087500	14.039000	11.896500	9.660000
GENE029	21.042500	19.109000	17.077500	14.948000	12.720500	10.395000
GENE030	21.470000	19.206000	16.830000	14.342000	11.742000	9.030000
GENE031	22.610000	20.273000	17.820000	15.251000	12.566000	9.765000
GENE032	23.750000	21.340000	18.810000	16.160000	13.390000	10.500000
GENE033	24.890000	22.407000	19.800000	17.069000	14.214000	11.235000
GENE034	26.030000	23.474000	20.790000	17.978000	15.038000	11.970000
GENE035	19.475000	17.460000	15.345000	13.130000	10.815000	8.400000
GENE036	20.615000	18.527000	16.335000	14.039000	11.639000	9.135000
GENE037	21.755000	19.594000	17.325000	14.948000	12.463000	9.870000
GENE038	22.895000	20.661000	18.315000	15.857000	13.287000	10.605000
GENE039	24.035000	21.728000	19.305000	16.766000	14.111000	11.340000
GENE040	24.462500	21.825000	19.057500	16.160000	13.132500	9.975000
GENE041	25.602500	22.892000	20.047500	17.069000	13.956500	10.710000
GENE042	19.760000	17.848000	15.840000	13.736000	11.536000	9.240000
GENE043	20.900000	18.915000	16.830000	14.645000	12.360000	9.975000
GENE044	22.040000	19.982000	17.820000	15.554000	13.184000	10.710000
GENE045	11.257500	14.356000	17.572500	20.907000	24.359500	27.930000
GENE046	12.017500	15.229000	18.562500	22.018000	25.595500	29.295000
GENE047	12.777500	16.102000	19.552500	23.129000	26.831500	30.660000
GENE048	13.537500	16.975000	20.542500	24.240000	28.067500	32.025000
GENE049	11.305000	13.774000	16.335000	18.988000	21.733000	24.570000
GENE050	10.402500	13.192000	16.087500	19.089000	22.196500	25.410000
GENE051	11.162500	14.065000	17.077500	20.200000	23.432500	26.775000
GENE052	11.922500	14.938000	18.067500	21.311000	24.668500	28.140000
GENE053	12.682500	15.811000	19.057500	22.422000	25.904500	29.505000
GENE054	13.442500	16.684000	20.047500	23.533000	27.140500	30.870000
GENE055	12.540000	16.102000	19.800000	23.634000	27.604000	31.710000
GENE056	10.307500	12.901000	15.592500	18.382000	21.269500	24.255000
GENE057	11.067500	13.774000	16.582500	19.493000	22.505500	25.620000
GENE058	11.827500	14.647000	17.572500	20.604000	23.741500	26.985000
GENE059	12.587500	15.520000	18.562500	21.715000	24.977500	28.350000
GENE060	11.685000	14.938000	18.315000	21.816000	25.441000	29.190000
GENE061	12.445000	15.811000	19.305000	22.927000	26.677000	30.555000
GENE062	13.205000	16.684000	20.295000	24.038000	27.913000	31.920000
GENE063	10.972500	13.483000	16.087500	18.786000	21.578500	24.465000
GENE064	11.732500	14.356000	17.077500	19.897000	22.814500	25.830000
GENE065	10.830000	13.774000	16.830000	19.998000	23.278000	26.670000
GENE066	11.590000	14.647000	17.820000	21.109000	24.514000	28.035000
GENE067	12.350000	15.520000	18.810000	22.220000	25.750000	29.400000
GENE068	13.110000	16.393000	19.800000	23.331000	26.986000	30.765000
GENE069	13.870000	17.266000	20.790000	24.442000	28.222000	32.130000
GENE070	9.975000	12.610000	15.345000	18.180000	21.115000	24.150000
GENE071	10.735000	13.483000	16.335000	19.291000	22.351000	25.515000
GENE072	11.495000	14.356000	17.325000	20.402000	23.587000	26.880000
GENE073	12.255000	15.229000	18.315000	21.513000	24.823000	28.245000
GENE074	13.015000	16.102000	19.305000	22.624000	26.059000	29.610000
GENE075	12.112500	15.520000	19.057500	22.725000	26.522500	30.450000
GENE076	12.872500	16.393000	20.047500	23.836000	27.758500	31.815000
GENE077	10.640000	13.192000	15.840000	18.584000	21.424000	24.360000
GENE078	11.400000	14.065000	16.830000	19.695000	22.660000	25.725000
GENE079	12.160000	14.938000	17.820000	20.806000	23.896000	27.090000
GENE080	11.257500	14.356000	17.572500	20.907000	24.359500	27.930000
GENE081	12.017500	15.229000	18.562500	22.018000	25.595500	29.295000
GENE082	12.777500	16.102000	19.552500	23.129000	26.831500	30.660000
GENE083	13.537500	16.975000	20.542500	24.240000	28.067500	32.025000
GENE084	11.305000	13.774000	16.335000	18.988000	21.733000	24.570000
GENE085	10.402500	13.192000	16.087500	19.089000	22.196500	25.410000
GENE086	11.162500	14.065000	17.077500	20.200000	23.432500	26.775000
GENE087	11.922500	14.938000	18.067500	21.311000	24.668500	28.140000
GENE088	12.682500	15.811000	19.057500	22.422000	25.904500	29.505000
GENE089	13.442500	16.684000	20.047500	23.533000	27.140500	30.870000
GENE090	8.835000	9.118000	9.405000	9.696000	9.991000	10.290000
GENE091	9.310000	9.603000	9.900000	10.201000	10.506000	10.815000
GENE092	7.885000	8.148000	8.415000	8.686000	8.961000	9.240000
GENE093	8.360000	8.633000	8.910000	9.191000	9.476000	9.765000
GENE094	8.835000	9.118000	9.405000	9.696000	9.991000	10.290000
GENE095	9.310000	9.603000	9.900000	10.201000	10.506000	10.815000
GENE096	7.885000	8.148000	8.415000	8.686000	8.961000	9.240000
GENE097	8.360000	8.633000	8.910000	9.191000	9.476000	9.765000
GENE098	8.835000	9.118000	9.405000	9.696000	9.991000	10.290000
GENE099	9.310000	9.603000	9.900000	10.201000	10.506000	10.815000
GENE100	7.885000	8.148000	8.415000	8.686000	8.961000	9.240000
GENE101	8.360000	8.633000	8.910000	9.191000	9.476000	9.765000
GENE102	8.835000	9.118000	9.405000	9.696000	9.991000	10.290000
GENE103	9.310000	9.603000	9.900000	10.201000	10.506000	10.815000
GENE104	7.885000	8.148000	8.415000	8.686000	8.961000	9.240000
GENE105	8.360000	8.633000	8.910000	9.191000	9.476000	9.765000
GENE106	8.835000	9.118000	9.405000	9.696000	9.991000	10.290000
GENE107	9.310000	9.603000	9.900000	10.201000	10.506000	10.815000
GENE108	7.885000	8.148000	8.415000	8.686000	8.961000	9.240000
GENE109	8.360000	8.633000	8.910000	9.191000	9.476000	9.765000
GENE110	8.835000	9.118000	9.405000	9.696000	9.991000	10.290000
GENE111	9.310000	9.603000	9.900000	10.201000	10.506000	10.815000
GENE112	7.885000	8.148000	8.415000	8.686000	8.961000	9.240000
GENE113	8.360000	8.633000	8.910000	9.191000	9.476000	9.765000
GENE114	8.835000	9.118000	9.405000	9.696000	9.991000	10.290000
GENE115	9.310000	9.603000	9.900000	10.201000	10.506000	10.815000
GENE116	7.885000	8.148000	8.415000	8.686000	8.961000	9.240000
GENE117	8.360000	8.633000	8.910000	9.191000	9.476000	9.765000
GENE118	8.835000	9.118000	9.405000	9.696000	9.991000	10.290000
GENE119	9.310000	9.603000	9.900000	10.201000	10.506000	10.815000
