cell_id	subject_id	cell_type
donor_1_n00	donor_1	neuron
donor_1_n01	donor_1	neuron
donor_1_n02	donor_1	neuron
donor_1_n03	donor_1	neuron
donor_1_n04	donor_1	neuron
donor_1_n05	donor_1	neuron
donor_1_n06	donor_1	neuron
donor_1_n07	donor_1	neuron
donor_1_n08	donor_1	neuron
donor_1_n09	donor_1	neuron
donor_1_a00	donor_1	astrocyte
donor_1_a01	donor_1	astrocyte
donor_1_a02	donor_1	astrocyte
donor_1_a03	donor_1	astrocyte
donor_1_a04	donor_1	astrocyte
donor_1_a05	donor_1	astrocyte
donor_1_a06	donor_1	astrocyte
donor_1_a07	donor_1	astrocyte
donor_1_a08	donor_1	astrocyte
donor_1_a09	donor_1	astrocyte
donor_2_n00	donor_2	neuron
donor_2_n01	donor_2	neuron
donor_2_n02	donor_2	neuron
donor_2_n03	donor_2	neuron
donor_2_n04	donor_2	neuron
donor_2_n05	donor_2	neuron
donor_2_n06	donor_2	neuron
donor_2_n07	donor_2	neuron
donor_2_n08	donor_2	neuron
donor_2_n09	donor_2	neuron
donor_2_a00	donor_2	astrocyte
donor_2_a01	donor_2	astrocyte
donor_2_a02	donor_2	astrocyte
donor_2_a03	donor_2	astrocyte
donor_2_a04	donor_2	astrocyte
donor_2_a05	donor_2	astrocyte
donor_2_a06	donor_2	astrocyte
donor_2_a07	donor_2	astrocyte
donor_2_a08	donor_2	astrocyte
donor_2_a09	donor_2	astrocyte
donor_3_n00	donor_3	neuron
donor_3_n01	donor_3	neuron
donor_3_n02	donor_3	neuron
donor_3_n03	donor_3	neuron
donor_3_n04	donor_3	neuron
donor_3_n05	donor_3	neuron
donor_3_n06	donor_3	neuron
donor_3_n07	donor_3	neuron
donor_3_n08	donor_3	neuron
donor_3_n09	donor_3	neuron
donor_3_a00	donor_3	astrocyte
donor_3_a01	donor_3	astrocyte
donor_3_a02	donor_3	astrocyte
donor_3_a03	donor_3	astrocyte
donor_3_a04	donor_3	astrocyte
donor_3_a05	donor_3	astrocyte
donor_3_a06	donor_3	astrocyte
donor_3_a07	donor_3	astrocyte
donor_3_a08	donor_3	astrocyte
donor_3_a09	donor_3	astrocyte
donor_4_n00	donor_4	neuron
donor_4_n01	donor_4	neuron
donor_4_n02	donor_4	neuron
donor_4_n03	donor_4	neuron
donor_4_n04	donor_4	neuron
donor_4_n05	donor_4	neuron
donor_4_n06	donor_4	neuron
donor_4_n07	donor_4	neuron
donor_4_n08	donor_4	neuron
donor_4_n09	donor_4	neuron
donor_4_a00	donor_4	astrocyte
donor_4_a01	donor_4	astrocyte
donor_4_a02	donor_4	astrocyte
donor_4_a03	donor_4	astrocyte
donor_4_a04	donor_4	astrocyte
donor_4_a05	donor_4	astrocyte
donor_4_a06	donor_4	astrocyte
donor_4_a07	donor_4	astrocyte
donor_4_a08	donor_4	astrocyte
donor_4_a09	donor_4	astrocyte
