gene_id	donor_1_n00	donor_1_n01	donor_1_n02	donor_1_n03	donor_1_n04	donor_1_n05	donor_1_n06	donor_1_n07	donor_1_n08	donor_1_n09	donor_1_a00	donor_1_a01	donor_1_a02	donor_1_a03	donor_1_a04	donor_1_a05	donor_1_a06	donor_1_a07	donor_1_a08	donor_1_a09	donor_2_n00	donor_2_n01	donor_2_n02	donor_2_n03	donor_2_n04	donor_2_n05	donor_2_n06	donor_2_n07	donor_2_n08	donor_2_n09	donor_2_a00	donor_2_a01	donor_2_a02	donor_2_a03	donor_2_a04	donor_2_a05	donor_2_a06	donor_2_a07	donor_2_a08	donor_2_a09	donor_3_n00	donor_3_n01	donor_3_n02	donor_3_n03	donor_3_n04	donor_3_n05	donor_3_n06	donor_3_n07	donor_3_n08	donor_3_n09	donor_3_a00	donor_3_a01	donor_3_a02	donor_3_a03	donor_3_a04	donor_3_a05	donor_3_a06	donor_3_a07	donor_3_a08	donor_3_a09	donor_4_n00	donor_4_n01	donor_4_n02	donor_4_n03	donor_4_n04	donor_4_n05	donor_4_n06	donor_4_n07	donor_4_n08	donor_4_n09	donor_4_a00	donor_4_a01	donor_4_a02	donor_4_a03	donor_4_a04	donor_4_a05	donor_4_a06	donor_4_a07	donor_4_a08	donor_4_a09
GENE000	22	26	25	23	22	26	25	24	23	22	3	4	4	3	3	4	4	4	3	3	27	25	24	28	27	26	25	29	28	27	3	3	3	3	3	3	3	4	3	3	32	30	29	28	27	31	30	28	27	32	3	3	3	3	3	3	3	3	3	3	31	30	34	33	32	30	29	34	32	31	3	3	3	3	3	3	3	3	3	3
GENE001	24	28	26	25	24	23	27	26	25	24	4	4	4	4	4	4	4	4	4	4	29	27	26	30	29	28	27	26	30	29	4	4	4	4	4	4	4	3	4	4	28	33	31	30	29	33	32	31	29	28	3	4	4	3	3	4	4	4	3	3	33	32	30	36	34	33	31	36	35	33	3	3	3	3	3	3	3	4	3	3
GENE002	25	24	28	27	26	25	29	28	27	25	4	4	5	5	5	4	5	5	5	4	31	29	28	27	31	30	29	27	32	31	5	4	4	4	5	4	4	4	5	5	30	35	34	32	31	29	34	33	32	30	4	4	4	4	4	4	4	4	4	4	36	34	33	38	37	35	33	32	37	36	4	4	3	4	4	4	4	3	4	4
GENE003	27	26	30	29	28	27	25	30	28	27	5	5	6	5	5	5	5	6	5	5	33	32	30	29	34	32	31	29	28	33	5	5	5	5	5	5	5	5	4	5	32	31	36	35	33	32	37	35	34	32	4	4	5	5	4	4	5	5	5	4	38	37	35	33	39	38	36	34	40	38	4	4	4	4	4	4	4	4	5	4
GENE004	29	28	27	31	30	29	27	32	30	29	6	6	5	6	6	6	5	6	6	6	35	34	32	31	29	34	33	32	30	35	6	6	5	5	5	6	6	5	5	6	35	33	38	37	35	34	32	38	36	35	5	5	5	5	5	5	5	5	5	5	41	39	38	36	42	40	38	37	35	41	5	5	5	4	5	5	5	4	4	5
GENE005	31	30	28	33	32	30	29	28	32	31	4	3	3	4	4	4	3	3	4	4	31	36	34	33	31	37	35	34	32	31	3	3	3	3	3	4	3	3	3	3	37	35	34	39	38	36	34	40	39	37	3	3	3	3	3	3	3	3	3	3	44	42	40	38	37	43	41	39	37	44	3	3	3	3	3	3	3	3	3	3
GENE006	33	32	30	29	34	32	31	30	35	33	4	4	4	4	4	4	4	4	4	4	33	38	37	35	34	32	37	36	34	33	4	4	4	4	4	3	4	4	4	4	39	38	36	42	40	38	37	35	41	39	4	3	3	4	4	4	3	3	4	4	38	45	43	41	39	45	44	42	40	38	3	3	3	3	3	4	3	3	3	3
GENE007	26	25	23	22	26	25	24	23	22	26	5	5	5	4	5	5	5	4	4	5	25	24	28	27	26	25	29	28	27	25	4	4	5	4	4	4	5	5	4	4	30	29	28	27	31	30	28	27	32	30	4	4	4	4	4	4	4	4	4	4	30	34	33	32	30	29	34	32	31	30	3	4	4	4	4	3	4	4	4	3
GENE008	28	26	25	24	23	27	26	25	24	28	6	5	5	5	5	6	5	5	5	6	27	26	30	29	28	27	26	30	29	27	5	5	5	5	5	5	4	5	5	5	33	31	30	29	33	32	31	29	28	33	5	5	4	4	5	5	5	4	4	5	32	30	36	34	33	31	36	35	33	32	4	4	4	4	4	4	5	4	4	4
GENE009	24	28	27	26	25	29	28	27	25	24	5	6	6	6	5	6	6	6	6	5	29	28	27	31	30	29	27	32	31	29	5	5	5	6	6	5	5	6	6	5	35	34	32	31	29	34	33	32	30	35	5	5	5	5	5	5	5	5	5	5	34	33	38	37	35	33	32	37	36	34	5	4	5	5	5	4	4	5	5	5
GENE010	26	30	29	28	27	25	30	28	27	26	3	4	4	4	3	3	4	4	3	3	32	30	29	34	32	31	29	28	33	32	3	3	3	4	3	3	3	3	3	3	31	36	35	33	32	37	35	34	32	31	3	3	3	3	3	3	3	3	3	3	37	35	33	39	38	36	34	40	38	37	3	3	3	3	3	3	3	3	3	3
GENE011	28	27	31	30	29	27	32	30	29	28	4	4	4	4	4	4	4	4	4	4	34	32	31	29	34	33	32	30	35	34	4	4	4	3	4	4	4	4	4	4	33	38	37	35	34	32	38	36	35	33	3	4	4	4	3	3	4	4	3	3	39	38	36	42	40	38	37	35	41	39	3	3	3	4	3	3	3	3	3	3
GENE012	30	28	33	32	30	29	28	32	31	30	5	4	5	5	5	4	4	5	5	5	36	34	33	31	37	35	34	32	31	36	5	4	4	4	5	5	4	4	4	5	35	34	39	38	36	34	40	39	37	35	4	4	4	4	4	4	4	4	4	4	42	40	38	37	43	41	39	37	44	42	4	4	4	3	4	4	4	3	4	4
GENE013	32	30	29	34	32	31	30	35	33	32	5	5	5	6	5	5	5	6	5	5	38	37	35	34	32	37	36	34	33	38	5	5	5	5	4	5	5	5	5	5	38	36	42	40	38	37	35	41	39	38	4	4	5	5	5	4	4	5	5	4	45	43	41	39	45	44	42	40	38	45	4	4	4	4	5	4	4	4	4	4
GENE014	25	23	22	26	25	24	23	22	26	25	6	6	5	6	6	6	6	5	6	6	24	28	27	26	25	29	28	27	25	24	5	6	6	5	5	6	6	5	5	5	29	28	27	31	30	28	27	32	30	29	5	5	5	5	5	5	5	5	5	5	34	33	32	30	29	34	32	31	30	34	5	5	5	4	4	5	5	5	4	5
GENE015	26	25	24	23	27	26	25	24	28	26	4	4	3	3	4	4	3	3	4	4	26	30	29	28	27	26	30	29	27	26	3	4	3	3	3	3	3	3	3	3	31	30	29	33	32	31	29	28	33	31	3	3	3	3	3	3	3	3	3	3	30	36	34	33	31	36	35	33	32	30	3	3	3	3	3	3	3	3	3	3
GENE016	28	27	26	25	29	28	27	25	24	28	4	4	4	4	4	4	4	4	4	4	28	27	31	30	29	27	32	31	29	28	4	3	4	4	4	4	4	4	4	4	34	32	31	29	34	33	32	30	35	34	4	4	3	3	4	4	3	3	4	4	33	38	37	35	33	32	37	36	34	33	3	4	3	3	3	3	3	3	3	3
GENE017	30	29	28	27	25	30	28	27	26	30	5	5	5	4	4	5	5	5	4	5	30	29	34	32	31	29	28	33	32	30	4	4	5	5	4	4	4	5	4	4	36	35	33	32	37	35	34	32	31	36	4	4	4	4	4	4	4	4	4	4	35	33	39	38	36	34	40	38	37	35	4	3	4	4	4	3	4	4	4	4
GENE018	27	31	30	29	27	32	30	29	28	27	5	6	5	5	5	6	5	5	5	5	32	31	29	34	33	32	30	35	34	32	5	5	4	5	5	5	5	5	5	5	38	37	35	34	32	38	36	35	33	38	5	5	5	4	4	5	5	4	4	5	38	36	42	40	38	37	35	41	39	38	4	4	5	4	4	4	4	4	4	4
GENE019	28	33	32	30	29	28	32	31	30	28	5	6	6	6	6	5	6	6	6	5	34	33	31	37	35	34	32	31	36	34	6	5	5	6	6	5	5	5	6	6	34	39	38	36	34	40	39	37	35	34	5	5	5	5	5	5	5	5	5	5	40	38	37	43	41	39	37	44	42	40	5	4	4	5	5	5	4	5	5	5
GENE020	30	29	34	32	31	30	35	33	32	30	3	3	4	4	3	3	4	4	4	3	37	35	34	32	37	36	34	33	38	37	3	3	3	3	3	3	3	3	4	3	36	42	40	38	37	35	41	39	38	36	3	3	3	3	3	3	3	3	3	3	43	41	39	45	44	42	40	38	45	43	3	3	3	3	3	3	3	3	3	3
GENE021	23	22	26	25	24	23	22	26	25	23	4	4	4	4	4	4	4	4	4	4	28	27	26	25	29	28	27	25	24	28	4	4	4	4	4	4	4	4	3	4	28	27	31	30	28	27	32	30	29	28	3	3	4	4	3	3	4	4	4	3	33	32	30	29	34	32	31	30	34	33	3	3	3	3	3	3	3	3	4	3
GENE022	25	24	23	27	26	25	24	28	26	25	5	4	4	5	5	5	4	5	5	5	30	29	28	27	26	30	29	27	26	30	5	5	4	4	4	5	4	4	4	5	30	29	33	32	31	29	28	33	31	30	4	4	4	4	4	4	4	4	4	4	36	34	33	31	36	35	33	32	30	36	4	4	4	3	4	4	4	4	3	4
GENE023	27	26	25	29	28	27	25	24	28	27	5	5	5	6	5	5	5	5	6	5	27	31	30	29	27	32	31	29	28	27	4	5	5	5	5	5	5	5	5	4	32	31	29	34	33	32	30	35	34	32	5	4	4	5	5	4	4	5	5	5	38	37	35	33	32	37	36	34	33	38	5	4	4	4	4	4	4	4	4	5
GENE024	29	28	27	25	30	28	27	26	30	29	6	6	6	5	6	6	6	5	6	6	29	34	32	31	29	28	33	32	30	29	5	6	6	5	5	5	6	6	5	5	35	33	32	37	35	34	32	31	36	35	5	5	5	5	5	5	5	5	5	5	33	39	38	36	34	40	38	37	35	33	4	5	5	5	4	5	5	5	4	4
GENE025	31	30	29	27	32	30	29	28	27	31	4	4	3	3	4	4	4	3	3	4	31	29	34	33	32	30	35	34	32	31	3	3	3	3	3	3	4	3	3	3	37	35	34	32	38	36	35	33	38	37	3	3	3	3	3	3	3	3	3	3	36	42	40	38	37	35	41	39	38	36	3	3	3	3	3	3	3	3	3	3
GENE026	33	32	30	29	28	32	31	30	28	33	4	4	4	4	4	4	4	4	4	4	33	31	37	35	34	32	31	36	34	33	4	4	4	4	4	4	3	4	4	4	39	38	36	34	40	39	37	35	34	39	4	4	3	3	4	4	4	3	3	4	38	37	43	41	39	37	44	42	40	38	3	3	3	3	3	3	4	3	3	3
GENE027	29	34	32	31	30	35	33	32	30	29	4	5	5	5	4	5	5	5	4	4	35	34	32	37	36	34	33	38	37	35	4	4	4	5	4	4	4	5	5	4	42	40	38	37	35	41	39	38	36	42	4	4	4	4	4	4	4	4	4	4	41	39	45	44	42	40	38	45	43	41	4	3	4	4	4	4	3	4	4	4
GENE028	22	26	25	24	23	22	26	25	23	22	5	6	5	5	5	5	6	5	5	5	27	26	25	29	28	27	25	24	28	27	5	5	5	5	5	5	5	4	5	5	27	31	30	28	27	32	30	29	28	27	4	5	5	4	4	5	5	5	4	4	32	30	29	34	32	31	30	34	33	32	4	4	4	4	4	4	4	5	4	4
GENE029	24	23	27	26	25	24	28	26	25	24	6	5	6	6	6	5	6	6	6	6	29	28	27	26	30	29	27	26	30	29	6	5	5	5	6	6	5	5	6	6	29	33	32	31	29	28	33	31	30	29	5	5	5	5	5	5	5	5	5	5	34	33	31	36	35	33	32	30	36	34	5	5	4	5	5	5	4	4	5	5
GENE030	26	25	29	28	27	25	24	28	27	26	3	3	4	4	4	3	3	4	4	3	31	30	29	27	32	31	29	28	27	31	3	3	3	3	4	3	3	3	3	3	31	29	34	33	32	30	35	34	32	31	3	3	3	3	3	3	3	3	3	3	37	35	33	32	37	36	34	33	38	37	3	3	3	3	3	3	3	3	3	3
GENE031	28	27	25	30	28	27	26	30	29	28	4	4	4	4	4	4	4	4	4	4	34	32	31	29	28	33	32	30	29	34	4	4	4	4	3	4	4	4	4	4	33	32	37	35	34	32	31	36	35	33	3	3	4	4	4	3	3	4	4	3	39	38	36	34	40	38	37	35	33	39	3	3	3	3	4	3	3	3	3	3
GENE032	30	29	27	32	30	29	28	27	31	30	5	5	4	5	5	5	4	4	5	5	29	34	33	32	30	35	34	32	31	29	4	5	4	4	4	5	5	4	4	4	35	34	32	38	36	35	33	38	37	35	4	4	4	4	4	4	4	4	4	4	42	40	38	37	35	41	39	38	36	42	4	4	4	4	3	4	4	4	3	4
GENE033	32	30	29	28	32	31	30	28	33	32	5	5	5	5	6	5	5	5	6	5	31	37	35	34	32	31	36	34	33	31	5	5	5	5	5	4	5	5	5	5	38	36	34	40	39	37	35	34	39	38	5	4	4	5	5	5	4	4	5	5	37	43	41	39	37	44	42	40	38	37	4	4	4	4	4	5	4	4	4	4
GENE034	34	32	31	30	35	33	32	30	29	34	6	6	6	5	6	6	6	6	5	6	34	32	37	36	34	33	38	37	35	34	5	5	6	6	5	5	6	6	5	5	40	38	37	35	41	39	38	36	42	40	5	5	5	5	5	5	5	5	5	5	39	45	44	42	40	38	45	43	41	39	4	5	5	5	4	4	5	5	5	4
GENE035	26	25	24	23	22	26	25	23	22	26	4	4	4	3	3	4	4	3	3	4	26	25	29	28	27	25	24	28	27	26	3	3	4	3	3	3	3	3	3	3	31	30	28	27	32	30	29	28	27	31	3	3	3	3	3	3	3	3	3	3	30	29	34	32	31	30	34	33	32	30	3	3	3	3	3	3	3	3	3	3
GENE036	23	27	26	25	24	28	26	25	24	23	4	4	4	4	4	4	4	4	4	4	28	27	26	30	29	27	26	30	29	28	4	4	3	4	4	4	4	4	4	4	33	32	31	29	28	33	31	30	29	33	4	4	4	3	3	4	4	3	3	4	33	31	36	35	33	32	30	36	34	33	3	3	4	3	3	3	3	3	3	3
GENE037	25	29	28	27	25	24	28	27	26	25	4	5	5	5	4	4	5	5	5	4	30	29	27	32	31	29	28	27	31	30	4	4	4	5	5	4	4	4	5	4	29	34	33	32	30	35	34	32	31	29	4	4	4	4	4	4	4	4	4	4	35	33	32	37	36	34	33	38	37	35	4	4	3	4	4	4	3	4	4	4
GENE038	27	25	30	28	27	26	30	29	28	27	5	5	6	5	5	5	6	5	5	5	32	31	29	28	33	32	30	29	34	32	5	5	5	4	5	5	5	5	5	5	32	37	35	34	32	31	36	35	33	32	4	5	5	5	4	4	5	5	4	4	38	36	34	40	38	37	35	33	39	38	4	4	4	5	4	4	4	4	4	4
GENE039	29	27	32	30	29	28	27	31	30	29	6	5	6	6	6	6	5	6	6	6	34	33	32	30	35	34	32	31	29	34	6	6	5	5	6	6	5	5	5	6	34	32	38	36	35	33	38	37	35	34	5	5	5	5	5	5	5	5	5	5	40	38	37	35	41	39	38	36	42	40	5	5	4	4	5	5	5	4	5	5
GENE040	30	29	28	32	31	30	28	33	32	30	4	3	3	4	4	3	3	4	4	4	37	35	34	32	31	36	34	33	31	37	4	3	3	3	3	3	3	3	3	4	36	34	40	39	37	35	34	39	38	36	3	3	3	3	3	3	3	3	3	3	43	41	39	37	44	42	40	38	37	43	3	3	3	3	3	3	3	3	3	3
GENE041	32	31	30	35	33	32	30	29	34	32	4	4	4	4	4	4	4	4	4	4	32	37	36	34	33	38	37	35	34	32	3	4	4	4	4	4	4	4	4	3	38	37	35	41	39	38	36	42	40	38	4	3	3	4	4	3	3	4	4	4	45	44	42	40	38	45	43	41	39	45	4	3	3	3	3	3	3	3	3	4
GENE042	25	24	23	22	26	25	23	22	26	25	5	5	4	4	5	5	5	4	5	5	25	29	28	27	25	24	28	27	26	25	4	5	5	4	4	4	5	4	4	4	30	28	27	32	30	29	28	27	31	30	4	4	4	4	4	4	4	4	4	4	29	34	32	31	30	34	33	32	30	29	3	4	4	4	3	4	4	4	4	3
GENE043	27	26	25	24	28	26	25	24	23	27	6	5	5	5	6	5	5	5	5	6	27	26	30	29	27	26	30	29	28	27	5	4	5	5	5	5	5	5	5	5	32	31	29	28	33	31	30	29	33	32	5	5	4	4	5	5	4	4	5	5	31	36	35	33	32	30	36	34	33	31	4	5	4	4	4	4	4	4	4	4
GENE044	29	28	27	25	24	28	27	26	25	29	6	6	6	6	5	6	6	6	5	6	29	27	32	31	29	28	27	31	30	29	5	5	6	6	5	5	5	6	6	5	34	33	32	30	35	34	32	31	29	34	5	5	5	5	5	5	5	5	5	5	33	32	37	36	34	33	38	37	35	33	4	4	5	5	5	4	5	5	5	4
GENE045	2	3	3	3	2	3	3	3	2	2	35	41	39	37	36	41	40	38	36	35	3	3	3	3	3	3	3	3	3	3	35	34	32	38	36	35	33	39	37	35	3	3	3	3	3	3	3	3	3	3	36	34	33	31	30	35	34	32	31	36	3	3	4	4	3	3	3	4	3	3	30	28	33	31	30	29	28	32	31	30
GENE046	3	3	3	3	3	3	3	3	3	3	37	43	42	40	38	36	42	41	39	37	3	3	3	4	3	3	3	3	4	3	38	36	35	40	39	37	35	34	39	38	3	4	4	4	3	4	4	4	3	3	31	37	35	34	32	37	36	34	33	31	4	4	4	4	4	4	4	4	4	4	32	30	29	34	32	31	29	34	33	32
GENE047	3	3	4	4	3	3	4	4	3	3	40	38	44	42	41	39	45	43	42	40	4	4	4	3	4	4	4	4	4	4	40	39	37	35	41	40	38	36	42	40	4	5	4	4	4	4	4	4	4	4	33	39	37	36	34	33	38	37	35	33	5	4	4	5	5	5	4	4	5	5	34	32	31	36	34	33	31	30	35	34
GENE048	4	4	4	4	4	4	4	4	4	4	42	40	47	45	43	41	39	46	44	42	5	4	4	4	5	4	4	4	4	5	43	41	39	38	44	42	40	39	37	43	4	4	5	5	5	4	5	5	5	4	36	34	40	38	37	35	41	39	37	36	5	5	5	5	5	5	5	5	6	5	36	34	33	31	37	35	34	32	37	36
GENE049	4	4	4	5	4	4	4	5	4	4	33	31	30	35	33	32	31	36	34	33	5	5	5	5	4	5	5	5	4	5	33	32	31	29	28	33	31	30	28	33	5	5	6	5	5	5	5	6	5	5	28	26	31	29	28	27	26	30	29	28	6	6	6	5	6	6	6	5	5	6	28	27	25	24	28	27	26	25	24	28
GENE050	3	3	2	3	3	3	2	2	3	3	35	34	32	38	36	35	33	31	37	35	3	3	3	3	3	3	3	3	3	3	29	34	33	31	30	35	34	32	31	29	3	3	3	3	3	3	3	3	3	3	30	28	27	32	30	29	28	32	31	30	4	4	3	3	3	4	3	3	3	4	30	29	27	26	25	29	28	27	26	30
GENE051	3	3	3	3	3	3	3	3	3	3	38	36	35	33	39	37	35	34	39	38	3	4	3	3	3	3	4	3	3	3	32	37	35	34	32	31	36	35	33	32	4	4	3	4	4	4	3	3	4	4	32	31	29	34	33	31	30	29	33	32	4	4	4	4	4	4	4	4	4	4	26	31	29	28	27	31	30	29	28	26
GENE052	4	4	3	3	4	4	3	3	3	4	41	39	37	36	41	40	38	36	35	41	4	3	4	4	4	4	4	4	4	4	34	32	38	36	35	33	39	37	35	34	4	4	4	4	4	4	4	4	5	4	34	33	31	30	35	34	32	31	36	34	4	5	5	5	4	4	5	5	4	4	28	33	31	30	29	28	32	31	30	28
GENE053	4	4	4	4	4	4	4	4	4	4	43	42	40	38	36	42	41	39	37	43	4	4	5	4	4	4	4	5	4	4	36	35	40	39	37	35	34	39	38	36	5	5	5	4	5	5	5	4	4	5	37	35	34	32	37	36	34	33	31	37	5	5	5	5	5	5	6	5	5	5	30	29	34	32	31	29	34	33	32	30
GENE054	4	5	4	4	4	5	4	4	4	4	38	44	42	41	39	45	43	42	40	38	5	5	4	5	5	5	4	5	5	5	39	37	35	41	40	38	36	42	40	39	6	5	5	5	5	6	5	5	5	6	39	37	36	34	33	38	37	35	33	39	6	5	6	6	6	5	5	6	6	6	32	31	36	34	33	31	30	35	34	32
GENE055	2	3	3	3	2	2	3	3	3	2	40	47	45	43	41	39	46	44	42	40	3	3	3	3	3	3	3	3	3	3	41	39	38	44	42	40	39	37	43	41	3	3	3	3	3	3	3	3	3	3	34	40	38	37	35	41	39	37	36	34	3	3	3	4	3	3	3	4	4	3	34	33	31	37	35	34	32	37	36	34
GENE056	3	3	3	3	3	3	3	3	3	3	31	30	35	33	32	31	36	34	33	31	3	3	3	3	4	3	3	3	4	3	32	31	29	28	33	31	30	28	33	32	3	4	4	4	3	3	4	4	4	3	26	31	29	28	27	26	30	29	28	26	4	4	4	4	4	4	4	4	4	4	27	25	24	28	27	26	25	24	28	27
GENE057	3	3	4	4	3	3	3	4	4	3	34	32	38	36	35	33	31	37	35	34	4	4	4	4	4	4	4	4	3	4	34	33	31	30	35	34	32	31	29	34	4	4	4	4	4	4	5	4	4	4	28	27	32	30	29	28	32	31	30	28	5	5	4	4	5	5	4	4	5	5	29	27	26	25	29	28	27	26	30	29
GENE058	4	4	4	4	4	4	4	4	4	4	36	35	33	39	37	35	34	39	38	36	5	4	4	4	4	5	4	4	4	5	37	35	34	32	31	36	35	33	32	37	5	4	5	5	5	4	4	5	5	5	31	29	34	33	31	30	29	33	32	31	5	5	5	5	6	5	5	5	5	5	31	29	28	27	31	30	29	28	26	31
GENE059	4	4	4	5	4	4	4	4	5	4	39	37	36	41	40	38	36	35	41	39	4	5	5	5	4	5	5	5	5	4	32	38	36	35	33	39	37	35	34	32	5	5	5	6	5	5	5	6	5	5	33	31	30	35	34	32	31	36	34	33	6	6	6	5	5	6	6	6	5	6	33	31	30	29	28	32	31	30	28	33
GENE060	3	3	2	2	3	3	3	2	3	3	42	40	38	36	42	41	39	37	43	42	3	3	3	3	3	3	3	3	3	3	35	40	39	37	35	34	39	38	36	35	3	3	3	3	3	3	3	3	3	3	35	34	32	37	36	34	33	31	37	35	3	4	3	3	3	4	4	3	3	3	29	34	32	31	29	34	33	32	30	29
GENE061	3	3	3	3	3	3	3	3	3	3	44	42	41	39	45	43	42	40	38	44	3	3	4	3	3	3	4	3	3	3	37	35	41	40	38	36	42	40	39	37	4	4	3	3	4	4	4	3	4	4	37	36	34	33	38	37	35	33	39	37	4	4	4	4	4	4	4	4	4	4	31	36	34	33	31	30	35	34	32	31
GENE062	4	4	3	3	3	4	4	3	3	4	47	45	43	41	39	46	44	42	40	47	4	4	4	4	4	4	3	4	4	4	39	38	44	42	40	39	37	43	41	39	4	4	4	4	5	4	4	4	4	4	40	38	37	35	41	39	37	36	34	40	4	4	5	5	4	4	5	5	5	4	33	31	37	35	34	32	37	36	34	33
GENE063	4	4	4	4	4	4	4	4	4	4	30	35	33	32	31	36	34	33	31	30	4	4	4	5	4	4	4	5	4	4	31	29	28	33	31	30	28	33	32	31	5	5	5	4	4	5	5	5	4	5	31	29	28	27	26	30	29	28	26	31	5	5	6	5	5	5	5	5	5	5	25	24	28	27	26	25	24	28	27	25
GENE064	4	5	4	4	4	4	5	4	4	4	32	38	36	35	33	31	37	35	34	32	5	5	4	5	5	5	5	4	5	5	33	31	30	35	34	32	31	29	34	33	5	6	5	5	5	6	5	5	5	5	27	32	30	29	28	32	31	30	28	27	6	5	5	6	6	6	5	6	6	6	27	26	25	29	28	27	26	30	29	27
GENE065	2	2	3	3	3	2	3	3	3	2	35	33	39	37	35	34	39	38	36	35	3	3	3	3	3	3	3	3	3	3	35	34	32	31	36	35	33	32	37	35	3	3	3	3	3	3	3	3	3	3	29	34	33	31	30	29	33	32	31	29	3	3	3	4	4	3	3	3	4	3	29	28	27	31	30	29	28	26	31	29
GENE066	3	3	3	3	3	3	3	3	3	3	37	36	41	40	38	36	35	41	39	37	4	3	3	3	4	3	3	3	3	4	38	36	35	33	39	37	35	34	32	38	3	3	4	4	4	3	4	4	4	3	31	30	35	34	32	31	36	34	33	31	4	4	4	4	4	4	4	4	4	4	31	30	29	28	32	31	30	28	33	31
GENE067	3	3	3	4	4	3	3	4	4	3	40	38	36	42	41	39	37	43	42	40	4	4	4	4	3	4	4	4	4	4	40	39	37	35	34	39	38	36	35	40	4	4	5	4	4	4	4	4	4	4	34	32	37	36	34	33	31	37	35	34	5	5	4	4	5	5	5	4	4	5	34	32	31	29	34	33	32	30	29	34
GENE068	4	4	4	4	4	4	4	4	4	4	42	41	39	45	43	42	40	38	44	42	4	5	4	4	4	5	4	4	4	4	35	41	40	38	36	42	40	39	37	35	5	4	4	5	5	5	4	5	5	5	36	34	33	38	37	35	33	39	37	36	6	5	5	5	5	5	5	5	5	6	36	34	33	31	30	35	34	32	31	36
GENE069	4	4	4	4	5	4	4	4	5	4	45	43	41	39	46	44	42	40	47	45	4	5	5	5	5	4	5	5	5	4	38	44	42	40	39	37	43	41	39	38	5	5	5	6	5	5	5	5	6	5	38	37	35	41	39	37	36	34	40	38	5	6	6	6	5	6	6	6	5	5	31	37	35	34	32	37	36	34	33	31
GENE070	3	3	3	2	3	3	3	2	2	3	35	33	32	31	36	34	33	31	30	35	3	3	3	3	3	3	3	3	3	3	29	28	33	31	30	28	33	32	31	29	3	3	3	3	3	3	3	3	3	3	29	28	27	26	30	29	28	26	31	29	3	4	4	3	3	3	4	3	3	3	24	28	27	26	25	24	28	27	25	24
GENE071	3	3	3	3	3	3	3	3	3	3	38	36	35	33	31	37	35	34	32	38	3	3	4	3	3	3	3	4	3	3	31	30	35	34	32	31	29	34	33	31	4	4	4	3	4	4	4	3	3	4	32	30	29	28	32	31	30	28	27	32	4	4	4	4	4	4	4	4	4	4	26	25	29	28	27	26	30	29	27	26
GENE072	3	4	4	3	3	4	4	3	3	3	33	39	37	35	34	39	38	36	35	33	4	4	3	4	4	4	4	4	4	4	34	32	31	36	35	33	32	37	35	34	5	4	4	4	4	4	4	4	4	5	34	33	31	30	29	33	32	31	29	34	4	4	5	5	5	4	4	5	5	4	28	27	31	30	29	28	26	31	29	28
GENE073	4	4	4	4	4	4	4	4	4	4	36	41	40	38	36	35	41	39	37	36	4	4	4	5	4	4	4	4	5	4	36	35	33	39	37	35	34	32	38	36	4	5	5	5	4	5	5	5	4	4	30	35	34	32	31	36	34	33	31	30	5	5	5	5	5	5	5	6	5	5	30	29	28	32	31	30	28	33	31	30
GENE074	4	4	5	4	4	4	5	4	4	4	38	36	42	41	39	37	43	42	40	38	5	5	5	4	5	5	5	4	5	5	39	37	35	34	39	38	36	35	40	39	5	6	5	5	5	5	6	5	5	5	32	37	36	34	33	31	37	35	34	32	6	6	5	6	6	6	5	5	6	6	32	31	29	34	33	32	30	29	34	32
GENE075	3	2	3	3	3	2	2	3	3	3	41	39	45	43	42	40	38	44	42	41	3	3	3	3	3	3	3	3	3	3	41	40	38	36	42	40	39	37	35	41	3	3	3	3	3	3	3	3	3	3	34	33	38	37	35	33	39	37	36	34	4	3	3	3	4	3	3	3	4	4	34	33	31	30	35	34	32	31	36	34
GENE076	3	3	3	3	3	3	3	3	3	3	43	41	39	46	44	42	40	47	45	43	4	3	3	3	3	4	3	3	3	4	44	42	40	39	37	43	41	39	38	44	4	3	4	4	4	3	3	4	4	4	37	35	41	39	37	36	34	40	38	37	4	4	4	4	4	4	4	4	4	4	37	35	34	32	37	36	34	33	31	37
GENE077	4	3	3	4	4	3	3	3	4	4	33	32	31	36	34	33	31	30	35	33	3	4	4	4	4	4	4	4	4	3	28	33	31	30	28	33	32	31	29	28	4	4	4	4	4	4	4	5	4	4	28	27	26	30	29	28	26	31	29	28	5	5	5	4	4	5	5	4	4	5	28	27	26	25	24	28	27	25	24	28
GENE078	4	4	4	4	4	4	4	4	4	4	36	35	33	31	37	35	34	32	38	36	4	5	4	4	4	4	5	4	4	4	30	35	34	32	31	29	34	33	31	30	5	5	4	5	5	5	4	4	5	5	30	29	28	32	31	30	28	27	32	30	5	5	5	5	5	6	5	5	5	5	25	29	28	27	26	30	29	27	26	25
GENE079	5	4	4	4	5	4	4	4	4	5	39	37	35	34	39	38	36	35	33	39	5	4	5	5	5	4	5	5	5	5	32	31	36	35	33	32	37	35	34	32	5	5	5	5	6	5	5	5	6	5	33	31	30	29	33	32	31	29	34	33	5	6	6	6	5	5	6	6	6	5	27	31	30	29	28	26	31	29	28	27
GENE080	3	3	3	2	2	3	3	3	2	3	41	40	38	36	35	41	39	37	36	41	3	3	3	3	3	3	3	3	3	3	35	33	39	37	35	34	32	38	36	35	3	3	3	3	3	3	3	3	3	3	35	34	32	31	36	34	33	31	30	35	3	3	4	3	3	3	4	4	3	3	29	28	32	31	30	28	33	31	30	29
GENE081	3	3	3	3	3	3	3	3	3	3	36	42	41	39	37	43	42	40	38	36	3	3	3	4	3	3	3	4	3	3	37	35	34	39	38	36	35	40	39	37	4	4	4	3	3	4	4	4	3	4	37	36	34	33	31	37	35	34	32	37	4	4	4	4	4	4	4	4	4	4	31	29	34	33	32	30	29	34	32	31
GENE082	3	4	4	3	3	3	4	4	3	3	39	45	43	42	40	38	44	42	41	39	4	4	4	4	4	4	4	3	4	4	40	38	36	42	40	39	37	35	41	40	4	4	4	4	4	5	4	4	4	4	33	38	37	35	33	39	37	36	34	33	5	4	4	5	5	4	4	5	5	5	33	31	30	35	34	32	31	36	34	33
GENE083	4	4	4	4	4	4	4	4	4	4	41	39	46	44	42	40	47	45	43	41	4	4	4	4	5	4	4	4	5	4	42	40	39	37	43	41	39	38	44	42	4	5	5	5	4	4	5	5	5	4	35	41	39	37	36	34	40	38	37	35	5	5	5	6	5	5	5	5	5	5	35	34	32	37	36	34	33	31	37	35
GENE084	4	4	5	4	4	4	4	5	4	4	32	31	36	34	33	31	30	35	33	32	5	5	5	4	5	5	5	5	4	5	33	31	30	28	33	32	31	29	28	33	5	5	6	5	5	5	6	5	5	5	27	26	30	29	28	26	31	29	28	27	6	6	5	5	6	6	6	5	6	6	27	26	25	24	28	27	25	24	28	27
GENE085	3	2	2	3	3	3	2	3	3	3	35	33	31	37	35	34	32	38	36	35	3	3	3	3	3	3	3	3	3	3	35	34	32	31	29	34	33	31	30	35	3	3	3	3	3	3	3	3	3	3	29	28	32	31	30	28	27	32	30	29	4	3	3	3	4	4	3	3	3	4	29	28	27	26	30	29	27	26	25	29
GENE086	3	3	3	3	3	3	3	3	3	3	37	35	34	39	38	36	35	33	39	37	3	4	3	3	3	4	3	3	3	3	31	36	35	33	32	37	35	34	32	31	4	3	3	4	4	4	3	4	4	4	31	30	29	33	32	31	29	34	33	31	4	4	4	4	4	4	4	4	4	4	31	30	29	28	26	31	29	28	27	31
GENE087	4	3	3	3	4	4	3	3	4	4	40	38	36	35	41	39	37	36	41	40	4	4	4	4	4	3	4	4	4	4	33	39	37	35	34	32	38	36	35	33	4	4	4	5	4	4	4	4	4	4	34	32	31	36	34	33	31	30	35	34	4	5	5	4	4	5	5	5	4	4	28	32	31	30	28	33	31	30	29	28
GENE088	4	4	4	4	4	4	4	4	4	4	42	41	39	37	43	42	40	38	36	42	4	4	5	4	4	4	5	4	4	4	35	34	39	38	36	35	40	39	37	35	5	5	4	4	5	5	5	4	5	5	36	34	33	31	37	35	34	32	37	36	5	6	5	5	5	5	5	5	5	5	29	34	33	32	30	29	34	32	31	29
GENE089	5	4	4	4	4	5	4	4	4	5	45	43	42	40	38	44	42	41	39	45	5	4	5	5	5	5	4	5	5	5	38	36	42	40	39	37	35	41	40	38	6	5	5	5	6	5	5	5	5	6	38	37	35	33	39	37	36	34	33	38	5	5	6	6	6	5	6	6	6	5	31	30	35	34	32	31	36	34	33	31
GENE090	7	8	8	8	7	8	8	8	7	7	11	12	12	11	11	13	12	12	11	11	9	8	8	9	9	8	8	9	9	9	11	10	10	12	11	11	10	12	11	11	10	10	9	9	9	10	10	9	9	10	11	11	10	10	9	11	10	10	9	11	10	9	11	11	10	10	9	11	10	10	9	9	10	10	9	9	8	10	9	9
GENE091	8	9	9	8	8	7	9	8	8	8	11	13	13	12	12	11	13	13	12	11	9	9	8	10	9	9	9	8	10	9	12	11	11	12	12	11	11	10	12	12	9	11	10	10	9	11	10	10	9	9	10	11	11	10	10	12	11	11	10	10	11	10	10	11	11	10	10	12	11	11	10	9	9	10	10	10	9	11	10	10
GENE092	7	6	7	7	7	6	7	7	7	7	10	10	11	11	10	10	11	11	11	10	8	8	7	7	8	8	7	7	8	8	10	10	9	9	10	10	10	9	11	10	8	9	9	8	8	8	9	8	8	8	8	10	9	9	9	8	10	9	9	8	9	9	8	10	9	9	9	8	10	9	9	8	8	9	9	8	8	8	9	9
GENE093	7	7	8	8	7	7	7	8	7	7	11	10	12	12	11	11	10	12	11	11	9	8	8	8	9	8	8	8	7	9	11	11	10	10	11	11	10	10	9	11	8	8	9	9	9	8	10	9	9	8	9	9	10	10	9	9	10	10	10	9	10	10	9	9	10	10	9	9	10	10	9	9	8	8	9	9	9	8	10	9
GENE094	8	7	7	8	8	8	7	8	8	8	12	11	11	12	12	11	11	13	12	12	9	9	9	8	8	9	9	8	8	9	12	11	11	10	10	12	11	11	10	12	9	9	10	10	9	9	9	10	10	9	10	9	11	11	10	10	9	11	10	10	11	10	10	9	11	11	10	10	9	11	10	9	9	9	10	10	9	9	8	10
GENE095	8	8	8	9	9	8	8	7	9	8	13	12	11	13	13	12	12	11	13	13	8	10	9	9	8	10	9	9	9	8	10	12	12	11	11	12	12	11	11	10	10	9	9	11	10	10	9	11	10	10	11	10	10	11	11	10	10	12	11	11	12	11	11	10	10	11	11	10	10	12	11	10	10	9	9	10	10	10	9	11
GENE096	7	7	7	6	7	7	7	6	7	7	11	11	10	10	11	11	10	10	11	11	7	8	8	8	7	7	8	8	7	7	9	11	10	10	9	9	10	10	10	9	8	8	8	9	9	8	8	8	9	8	9	9	8	10	9	9	9	8	10	9	8	10	9	9	8	10	9	9	9	8	8	9	9	8	8	9	9	8	8	8
GENE097	8	7	7	7	8	8	7	7	7	8	12	11	11	10	12	12	11	11	10	12	8	7	9	8	8	8	9	8	8	8	10	9	11	11	10	10	11	11	10	10	9	9	8	8	9	9	9	8	10	9	10	10	9	9	10	10	9	9	10	10	9	10	10	10	9	9	10	10	9	9	8	10	9	9	8	8	9	9	9	8
GENE098	8	8	8	7	7	8	8	8	7	8	13	12	12	11	11	12	12	11	11	13	8	8	9	9	9	8	8	9	9	8	11	10	12	11	11	10	10	12	11	11	10	10	9	9	10	10	9	9	9	10	11	10	10	9	11	11	10	10	9	11	10	9	11	10	10	9	11	11	10	10	9	8	10	9	9	9	10	10	9	9
GENE099	7	9	8	8	8	9	9	8	8	7	11	13	13	12	11	13	13	12	12	11	9	9	8	10	9	9	8	10	9	9	11	11	10	12	12	11	11	12	12	11	11	10	10	9	9	11	10	10	9	11	12	11	11	10	10	11	11	10	10	12	10	10	12	11	11	10	10	11	11	10	10	9	11	10	10	9	9	10	10	10
GENE100	6	7	7	7	7	6	7	7	7	6	10	11	11	11	10	10	11	11	10	10	8	7	7	8	8	8	7	7	8	8	10	10	9	11	10	10	9	9	10	10	8	9	8	8	8	9	9	8	8	8	8	10	9	9	8	10	9	9	9	8	9	9	8	10	9	9	8	10	9	9	8	8	8	9	9	8	8	9	9	8
GENE101	7	7	8	7	7	7	8	8	7	7	11	10	12	11	11	10	12	12	11	11	8	8	8	7	9	8	8	8	9	8	11	10	10	9	11	11	10	10	11	11	8	10	9	9	8	8	9	9	9	8	9	10	10	10	9	9	10	10	9	9	10	9	9	10	10	10	9	9	10	10	9	9	8	10	9	9	8	8	9	9
GENE102	8	7	8	8	8	7	7	8	8	8	11	11	13	12	12	11	11	12	12	11	9	9	8	8	9	9	9	8	8	9	12	11	11	10	12	11	11	10	10	12	9	9	10	10	9	9	10	10	9	9	10	9	11	10	10	9	11	11	10	10	11	10	10	9	11	10	10	9	11	11	10	9	9	8	10	9	9	9	10	10
GENE103	8	8	7	9	8	8	8	9	9	8	12	12	11	13	13	12	11	13	13	12	10	9	9	9	8	10	9	9	8	10	12	12	11	11	10	12	12	11	11	12	10	9	11	10	10	9	9	11	10	10	10	10	12	11	11	10	10	11	11	10	11	11	10	10	12	11	11	10	10	11	10	10	10	9	11	10	10	9	9	10
GENE104	7	7	6	7	7	7	7	6	7	7	11	10	10	11	11	11	10	10	11	11	7	8	8	7	7	8	8	8	7	7	9	10	10	10	9	11	10	10	9	9	8	8	8	9	8	8	8	9	9	8	9	9	8	10	9	9	8	10	9	9	10	9	9	9	8	10	9	9	8	10	9	9	8	8	8	9	9	8	8	9
GENE105	8	7	7	7	8	7	7	7	8	8	12	11	11	10	12	11	11	10	12	12	8	9	8	8	8	7	9	8	8	8	10	11	11	10	10	9	11	11	10	10	9	9	8	10	9	9	8	8	9	9	10	9	9	10	10	10	9	9	10	10	9	10	10	9	9	10	10	10	9	9	8	9	9	9	8	10	9	9	8	8
GENE106	8	8	8	7	8	8	8	7	7	8	12	12	11	11	13	12	12	11	11	12	8	8	9	9	8	8	9	9	9	8	10	10	12	11	11	10	12	11	11	10	10	9	9	9	10	10	9	9	10	10	11	10	10	9	11	10	10	9	11	11	9	11	11	10	10	9	11	10	10	9	9	10	10	9	9	8	10	9	9	9
GENE107	9	9	8	8	7	9	8	8	8	9	13	13	12	12	11	13	13	12	11	13	9	8	10	9	9	9	8	10	9	9	11	11	12	12	11	11	10	12	12	11	11	10	10	9	11	10	10	9	9	11	11	11	10	10	12	11	11	10	10	11	10	10	11	11	10	10	12	11	11	10	9	9	10	10	10	9	11	10	10	9
GENE108	6	7	7	7	6	7	7	7	7	6	10	11	11	10	10	11	11	11	10	10	8	7	7	8	8	7	7	8	8	8	10	9	9	10	10	10	9	11	10	10	9	9	8	8	8	9	8	8	8	9	10	9	9	9	8	10	9	9	8	10	9	8	10	9	9	9	8	10	9	9	8	8	9	9	8	8	8	9	9	8
GENE109	7	8	8	7	7	7	8	7	7	7	10	12	12	11	11	10	12	11	11	10	8	8	8	9	8	8	8	7	9	8	11	10	10	11	11	10	10	9	11	11	8	9	9	9	8	10	9	9	8	8	9	10	10	9	9	10	10	10	9	9	10	9	9	10	10	9	9	10	10	10	9	8	8	9	9	9	8	10	9	9
GENE110	7	7	8	8	8	7	8	8	8	7	11	11	12	12	11	11	13	12	12	11	9	9	8	8	9	9	8	8	9	9	11	11	10	10	12	11	11	10	12	11	9	10	10	9	9	9	10	10	9	9	9	11	11	10	10	9	11	10	10	9	10	10	9	11	11	10	10	9	11	10	9	9	9	10	10	9	9	8	10	9
GENE111	8	8	9	9	8	8	7	9	8	8	12	11	13	13	12	12	11	13	13	12	10	9	9	8	10	9	9	9	8	10	12	12	11	11	12	12	11	11	10	12	9	9	11	10	10	9	11	10	10	9	10	10	11	11	10	10	12	11	11	10	11	11	10	10	11	11	10	10	12	11	10	10	9	9	10	10	10	9	11	10
GENE112	7	7	6	7	7	7	6	7	7	7	11	10	10	11	11	10	10	11	11	11	8	8	8	7	7	8	8	7	7	8	11	10	10	9	9	10	10	10	9	11	8	8	9	9	8	8	8	9	8	8	9	8	10	9	9	9	8	10	9	9	10	9	9	8	10	9	9	9	8	10	9	9	8	8	9	9	8	8	8	9
GENE113	7	7	7	8	8	7	7	7	8	7	11	11	10	12	12	11	11	10	12	11	7	9	8	8	8	9	8	8	8	7	9	11	11	10	10	11	11	10	10	9	9	8	8	9	9	9	8	10	9	9	10	9	9	10	10	9	9	10	10	10	10	10	10	9	9	10	10	9	9	10	10	9	9	8	8	9	9	9	8	10
GENE114	8	8	7	7	8	8	8	7	8	8	12	12	11	11	12	12	11	11	13	12	8	9	9	9	8	8	9	9	8	8	10	12	11	11	10	10	12	11	11	10	10	9	9	10	10	9	9	9	10	10	10	10	9	11	11	10	10	9	11	10	9	11	10	10	9	11	11	10	10	9	8	10	9	9	9	10	10	9	9	8
GENE115	9	8	8	8	9	9	8	8	7	9	13	13	12	11	13	13	12	12	11	13	9	8	10	9	9	8	10	9	9	9	11	10	12	12	11	11	12	12	11	11	10	10	9	9	11	10	10	9	11	10	11	11	10	10	11	11	10	10	12	11	10	12	11	11	10	10	11	11	10	10	9	11	10	10	9	9	10	10	10	9
GENE116	7	7	7	7	6	7	7	7	6	7	11	11	11	10	10	11	11	10	10	11	7	7	8	8	8	7	7	8	8	7	10	9	11	10	10	9	9	10	10	10	9	8	8	8	9	9	8	8	8	9	10	9	9	8	10	9	9	9	8	10	9	8	10	9	9	8	10	9	9	9	8	8	9	9	8	8	9	9	8	8
GENE117	7	8	7	7	7	8	8	7	7	7	10	12	11	11	10	12	12	11	11	10	8	8	7	9	8	8	8	9	8	8	10	10	9	11	11	10	10	11	11	10	10	9	9	8	8	9	9	9	8	10	10	10	10	9	9	10	10	9	9	10	9	9	10	10	10	9	9	10	10	9	9	8	10	9	9	8	8	9	9	9
GENE118	7	8	8	8	7	7	8	8	8	7	11	13	12	12	11	11	12	12	11	11	9	8	8	9	9	9	8	8	9	9	11	11	10	12	11	11	10	10	12	11	9	10	10	9	9	10	10	9	9	9	9	11	10	10	9	11	11	10	10	9	10	10	9	11	10	10	9	11	11	10	9	9	8	10	9	9	9	10	10	9
GENE119	8	7	9	8	8	8	9	9	8	8	12	11	13	13	12	11	13	13	12	12	9	9	9	8	10	9	9	8	10	9	12	11	11	10	12	12	11	11	12	12	9	11	10	10	9	9	11	10	10	9	10	12	11	11	10	10	11	11	10	10	11	10	10	12	11	11	10	10	11	11	10	10	9	11	10	10	9	9	10	10
