snp	beta_exposure	se_exposure	effect_allele_exposure	other_allele_exposure	eaf_exposure	beta_outcome	se_outcome	effect_allele_outcome	other_allele_outcome	eaf_outcome
rs587616822	0.10	0.010	A	G	0.30	0.045	0.010	A	G	0.30
rs62224609	0.12	0.010	G	A	0.40	0.052	0.010	G	A	0.40
rs587646183	0.08	0.010	C	G	0.20	0.034	0.010	C	G	0.20
rs139918843	0.09	0.010	T	A	0.35	0.039	0.010	T	A	0.35
rs587743102	0.11	0.010	G	A	0.45	0.050	0.010	G	A	0.45
rs587701155	0.13	0.010	A	T	0.25	0.058	0.010	A	T	0.25
rs915675	0.14	0.010	C	T	0.50	0.061	0.010	C	T	0.50
rs11703994	0.15	0.010	G	T	0.55	0.066	0.010	G	T	0.55
rs62224614	0.16	0.010	T	C	0.60	0.069	0.010	T	C	0.60
rs7286962	0.20	0.010	A	G	0.65	0.088	0.010	A	G	0.65
