snp	chrom	z	n
21:9411410:C:T	21	0.569486919	503
21:9411500:G:T	21	1.12737141	503
21:9411602:C:T	21	1.66228742	503
21:9411645:A:G	21	2.16333685	503
21:9411785:G:T	21	2.62031159	503
21:9412076:C:CTT	21	3.02390146	503
21:9412099:C:T	21	3.36588394	503
21:9412441:T:TATA	21	3.63929165	503
21:9412503:A:C	21	3.83855433	503
21:9413228:C:G	21	3.95961231	503
21:9413584:A:G	21	3.9999992	503
21:9413645:G:T	21	3.9588922	503
21:9413839:C:T	21	3.83712878	503
21:9413840:A:C	21	3.63718971	503
21:9413867:A:AG	21	3.36314842	503
21:9413995:C:T	21	3.0205881	503
21:9413996:A:G	21	2.6164879	503
21:9415026:T:TAATC	21	2.15908073	503
21:9415339:A:G	21	1.65768558	503
21:9416257:A:C	21	1.1225176	503
21:9416489:T:TAA	21	0.564480032	503
21:9417127:A:C	21	-0.00505795572	503
21:9417284:G:T	21	-0.574492896	503
21:9418371:A:C	21	-1.13222342	503
21:9418383:C:G	21	-1.66688661	503
21:9418638:C:T	21	-2.16758952	503
21:9418848:A:G	21	-2.62413109	503
21:9419241:T:TA	21	-3.02720998	503
21:9419909:C:T	21	-3.36861407	503
21:9420127:A:T	21	-3.64138778	503
21:9420130:A:G	21	-3.83997374	503
21:9420440:C:T	21	-3.96032608	503
21:9420476:A:G	21	-3.9999928	503
21:9420672:C:G	21	-3.95816576	503
21:9421289:G:GTGTAT	21	-3.8356971	503
21:9421531:C:T	21	-3.63508195	503
21:9422101:C:G	21	-3.36040753	503
21:9425605:C:T	21	-3.01726992	503
21:9425832:C:CA	21	-2.61266002	503
21:9426891:A:G	21	-2.15482115	503
21:9427543:A:T	21	-1.65308108	503
21:9427985:G:GTA	21	-1.11766199	503
21:9429998:G:GA	21	-0.559472243	503
21:9431332:A:G	21	0.0101159034	503
21:9431839:C:T	21	0.579497953	503
21:9431841:G:T	21	1.13707361	503
21:9432191:G:T	21	1.67148313	503
21:9432224:C:T	21	2.17183872	503
21:9432249:A:G	21	2.62794639	503
21:9432346:A:G	21	3.03051366	503
