c0,c1,c2
0.04456291523903948,0.28244634189382950,1.48791503942678949
0.02152211960058780,-0.03138925087684613,-0.25991599162839774
1.84387597850596707,-0.95887829957021253,-2.10264825501508756
2.47094468389736788,1.16357244778968405,-0.13305911432019743
-0.90704825737246475,-1.72772996505162579,-1.35239171807793901
2.03309294149421760,0.11949090758084183,-0.10017109992359180
0.21770638647041721,-0.07119692625987994,-0.22713790267827474
-0.31626266794956764,-1.41565882264995491,-1.80003320567189218
-0.66227140982044352,0.53045162484770914,-1.01013334777223385
-0.04062524216724009,2.35463443755231783,-0.63992001267138132
-0.85393422329092405,-0.70526727131516820,0.56963906873762193
-0.85348023539299989,-1.32392252151425294,1.09750841953426370
-0.11384292751326108,0.03614547010565882,1.02609845171256020
0.51552952907600280,1.06669703248752845,1.46668730609120423
-0.96037627292464089,-0.05140363498702361,0.15050142589881213
-0.65069277120820868,-1.13542706901387880,-0.40911681346982803
-0.42184961767517992,0.52263935590648103,2.69372675450849153
-0.06213965977156615,0.00496747350133497,0.16677392571215052
0.20785771655849591,-1.56902541879475699,-0.26526472428816505
0.05721941482810128,0.85400366592936983,-2.24388807484519859
-0.68954019023546809,-0.26142463059628540,-1.75627224649097924
1.33614925927388950,-0.60125790858147909,1.50093515212597950
-0.28838826549394425,-0.09671373534971371,-0.48504949001709713
-0.83544020722118684,-0.27298479105626661,0.22559813047074528
-1.31161437602065933,-0.73452014634806773,0.17642810457842503
0.99272817320435891,-0.40388263723766737,1.77840514573358255
0.33409695933841443,1.64054196368638872,-1.44927161264147797
-2.55125629035574830,0.04714476584978810,0.43612132798668152
-0.27842238362310223,0.11247743560775589,-1.48133893343046807
2.38291090381595305,-1.15568474548168787,0.53440053130420284
0.40750448235581066,0.02275859286494496,-0.89824891471738788
-0.69611879513084451,-0.56807630851893787,0.52710923680742838
0.64113345176412184,-0.34991218485112008,-0.99459903587225673
-1.13227510779028750,-0.13186509888456552,-0.92224268708523938
-0.70117899368842862,-0.69789031090747788,1.19812474497885835
1.28314785688629929,-1.11383769441522618,0.29067995344918984
-2.00605921624034522,0.49370768166002527,2.06315994423326998
0.34980266369340679,-0.47877384994308980,0.69158206296297653
-1.97263946718136807,0.52987733865757014,1.15651181596452890
0.06285908515072935,0.59353149848589692,-0.94163072706736040
0.40753627143631022,-1.60966317918991653,0.12663661316885211
0.21839653314600621,-0.66094377775082436,0.79182310388228061
0.03655186417737139,-0.51437712136757729,-1.24034073989670723
-0.15611537127563888,0.21829028067743206,1.71482329246308440
-0.18370777068731922,1.11896043211994334,0.64655874823130466
3.31033508147275723,0.16869632926353964,-0.22059408242940393
-0.53504365260383224,-0.00025072360038709,-0.47587092055088459
1.98201333913525479,-0.54347610814295300,-0.58640126390759872
-2.99055814087788319,-0.44648451570971021,0.11394832593082387
0.21866401034296265,0.53672658102812210,-1.15509318473770572
-2.60897981901964249,-1.89218218794438875,0.90213508480151772
-0.99285060943161352,-0.15499109547846104,-0.10747142291606174
-1.61317417108813110,1.09093822074748981,-0.15713047663604082
-0.63554488800526332,-1.30587413596623381,1.26876626341110366
-0.19110574286678728,0.65409881958308391,-2.78121122561950784
0.24726008736697414,0.52086573882603726,0.46175425777064849
-1.82046490544127537,-0.27066547545813302,1.04057945782369399
-0.42924340089704188,1.75352298467755507,0.99001478159639622
-0.06871232097023459,-1.62887125439878799,-0.48927070303669357
0.40815761344070167,0.48660334019445550,0.52629772754097404
-2.20828508079995522,1.06289927790169281,-0.96615695666421808
1.96118349032353878,0.15340088754882888,1.83367992250920531
0.03009753383543405,1.33886497925367109,-1.44166608713416067
0.80440279383052860,2.08272537803415947,-0.44518863127636071
-0.03808588776406043,1.46175857010878918,0.58251632442478274
-0.08380993552940470,-1.56948594032191768,0.10888297338735412
-0.19897941139209888,1.12566164673027069,0.40234370702288419
1.35236354532933967,1.37345379495706665,-0.65783052242519113
0.60044397790599580,-0.31354645216575455,-0.83862171023036514
1.10785962614048539,-0.96366664963742987,-1.10559391381334859
0.25335441649250018,-0.15531595867106901,-0.33900999587988684
-0.30452668648975229,0.33522612283404352,1.47840069969882282
1.23837891128289823,0.74173366642735428,1.36540609877629038
2.15380270087346748,-0.56290369524179307,1.36578820649593968
-1.15910748800633567,0.51726470107854683,-1.12678769464113970
-1.37615915574027969,-0.52364425392656000,0.03886877922928642
1.20974058964072495,-0.78118615591581619,0.48623967441888327
0.68045773863156644,-1.71838972561926107,-0.38313668268235634
-1.89761974990285398,0.54299705724760161,-0.33918042861078584
-0.42163768137715257,-0.91440228777458155,-1.04466222382258156
-0.09888434217466635,1.32231085279715632,-0.70866224230422414
0.51753761527504638,-0.28785043004722483,0.75382377428007263
0.82733846201336281,-0.07116306901912473,1.33522096982259386
-1.86784138231325580,0.82115560554498623,1.01103826086928628
-1.53472317255078528,-1.20902924414366075,0.02403327910537726
1.12089102857638290,-0.74413708771617515,-0.69030213432784837
-0.68428867523800019,-0.79331831807449182,-1.09195554634401715
0.71352773488081889,0.63179528928361939,0.08370625848959003
-1.18780757746996346,1.46289453583001028,-1.68981968039852970
-0.80986649753802886,-1.49656526633344655,-0.09777518607309255
-0.71716318896162501,-2.30322233584158376,-1.06744987694386007
0.36102071912744366,-0.87038165694196412,-2.13430510672614071
-1.42164773919257614,-0.71262758074141808,-0.70503680074621222
-0.78128623867015690,-0.44237912240039096,2.07847168484847966
-0.57941323570804015,0.33428530636912551,-1.30723245571153135
-0.53441585521848067,-1.06717854475343699,-1.01501276370461091
0.35649549764212624,0.81612561994337318,-0.56981898793158481
1.50813412221567855,-0.30872146075441392,0.77054529650349068
0.44752125693486988,0.73368459339693926,1.10111223114448431
0.71856898313034767,0.00388895618836556,-0.07973336571685553
