c0,c1
-0.79436833707518317,0.88182418772465254
0.19725753913786173,0.89891426097044402
1.00170432168313295,1.50308422917190776
1.28882539327114332,0.50511710705442947
0.90575341306263735,-0.34095089385241806
0.49366747067632488,1.37320913603803429
0.59928579639740642,0.81880458178400473
-1.57960700723588743,1.42574185535203335
1.00062066110879444,2.19576135883821966
2.18800768134181389,-0.89573176312117553
-1.20932436632953677,-1.69016902137067149
-0.58731193740455645,-0.46741736445649806
1.05612058395706954,-0.35992447669025057
-0.31658492508761676,0.74617254819685486
-0.05454103815089014,0.16870147889731185
0.32975130552746323,1.65018307547393328
0.66309509647172837,0.03347617842443897
0.87832815162260580,-1.03249033469723428
0.20287426919774521,-0.63243676667392512
2.27440247098252613,0.57814590595037851
-0.89929703779958192,1.84174292239692439
2.13949029771504096,-0.05802449251888532
-1.16595099147142212,-0.25705235725923337
-0.04713039799983307,-2.16667614040041689
0.41587626267105066,0.10986984321519103
1.72008048859350127,1.31470251511714498
-0.78436068848806728,-0.89273595222352420
-1.30392964737631933,-1.04368296757059986
-0.45203589617261281,-0.54193736466234421
-1.77399191743318352,-0.33073110764656377
-0.05015361273251701,1.67201836219076938
-1.03749669741277795,-1.05266664975710755
0.62220054255023749,0.08082508251188635
0.12719296795196311,0.70322650123786279
-1.74087623303347261,1.51142933866569584
-0.57321233656073378,0.00076846922094155
0.91194978297724305,1.43147148204097396
1.23436502388566294,-1.11169996028463158
0.66123536606923372,0.56842518531870811
-0.86105226725148587,1.33773358104904827
-0.53303926451653050,0.07282661742487972
0.32078908851505100,1.19570988365087172
-0.00448436103745077,-2.11163198484954151
1.59819564146405102,0.67139045629153560
1.32744980098648702,-0.18620677710841782
-0.11918532177341024,-0.19157674020272364
0.08155433099184312,0.78674401590710641
-0.01983228790091459,0.56234747584664735
-0.82522515153766662,-0.01910258507826417
0.70167457386848953,-0.26035931618707669
-0.19607578834407915,-0.16201564948464239
-0.15782754417866507,-2.08986037218400611
0.22352789951141055,0.44937907114209402
0.30495197201880758,-0.69707969638059875
1.36890349384484811,0.78180804141689042
-1.38852218743028977,-0.26481056937271796
-1.64443635708464209,0.02039108687173923
1.42614735885391331,0.40147977519400918
0.09662945215314676,1.96702468746569870
0.31226759935904497,0.95407202841629268
