c0,c1,c2,c3
-0.59103110258436842,-0.06477369092725398,0.00601074598927869,0.95691583186846740
0.02659436901616700,0.31549629010047942,-0.56596849020093687,0.63813134917445402
-1.51655309708186503,-0.60568155466456020,0.58531132457324619,1.79197290706803791
-1.36265334929580861,-0.90758469158195654,0.10655775874542095,1.17179272004280932
1.17848915603161974,2.26160897578211273,-1.30834898551151002,1.44011834104832848
-0.93415131967336518,-0.60322670819930679,-0.09766193589283394,-1.30627996316510409
1.32360564621201826,-1.29786209560729482,-1.41868675613769590,-0.02475978161983781
0.62491778994471359,0.50645120276382194,-0.25291272245652929,0.49043110997291472
-0.04572295570609473,-0.85333426238866461,0.03114654556726969,-1.68627076518603491
-1.00412057567227975,-1.50603178934848936,-0.03502792442415727,-0.82962082893371081
-0.82843323666395785,1.20232889939250676,0.51581564832088500,-0.23865412557696405
-0.34835172517298096,-1.02786538572470110,0.33238440921542711,-0.02579588385622238
-1.53829339708704893,0.93826995778501832,0.94311750995665300,0.90017066704369331
-0.25556524546495329,-0.54315465841362354,0.31164746630219692,1.42927873774721448
-1.14994503270755355,0.51309512506045807,-1.08940511998597800,0.05944578223580792
0.01232696767946786,-0.35259088251935217,1.06251939182711852,-0.54888795027023329
-0.22296954074762160,1.32653328660507008,-0.99066428229174719,0.81818440966958461
0.88777164791130292,-1.14015184737515352,1.14956086662166501,-0.44546094145579229
-0.59215527987674577,1.41310993795932616,0.88191880133221223,-0.36050035593203872
-0.65571811858088602,-0.60217878385535117,1.16199951732310991,-0.15954775819025485
-0.68251762221501910,-0.44166861886112224,-0.09751757622364164,0.35770615248220539
-0.01585819272827436,0.24363877298176490,-0.09323202483402826,-2.22376258208559197
-0.44260478535504522,0.59678115155207689,0.66960267745662749,-0.11537282548644624
0.35255749944881609,-0.12004071397904922,-0.72474447233057326,-1.22403834511743992
0.07317058229140316,-2.06974347624008637,2.27612056631615234,-1.19515426741479924
0.00715880038064590,0.58562558534027598,-0.26582318519861903,0.63133724758567922
-0.18760011060225229,0.48939142029471905,-0.38629943119228377,-1.69665002159047873
-0.76570064552538997,-1.00659629419074359,-0.15079610560306875,0.22730151667519699
-0.22105682074495839,1.26965329080706169,-0.51424401345284787,-0.31020953698386866
-0.98358858747019573,1.12391572124241845,0.34324726622010593,1.22453842424652692
-1.10428404215096787,0.84248376313537876,-0.03022822159154269,-0.65819962953131106
-0.93815021417836408,1.62060965216855113,-0.49782414830985972,-0.32608240925812548
0.67862424418257405,0.44766584241564522,0.87148686588258562,2.65076184606773868
-1.57749786529482572,-2.29890543636377842,0.07427280551310904,0.83879994333810481
-0.86993845822564142,-0.07916365578138669,0.41510210381395174,-0.80296278697086909
0.48467704535710099,-0.52306441639004286,2.77138208617609960,-0.15671732359994447
-0.18605269864439059,-0.41757973617934935,1.71423333026475122,-1.03630108518637898
1.54555470018366381,0.30487780447769014,-1.23416605007213209,-1.41530662163679932
-0.61138007012819973,-0.03137405495385286,0.17428811411566580,0.90810859696472312
-0.34775648733634540,0.10512464987343026,0.98321085488347193,-0.59922785350864038
-1.63651630553942073,2.46252211409212229,0.65828096393163715,-0.39341711641163929
0.02038144010003709,-0.63998881467242941,1.65199847905950170,-1.02156633137411390
0.89174268016784064,1.21138919161606062,-1.25586749806703946,-0.16451280215935793
-0.87274968325225077,0.71116326022022069,0.88104028818312297,0.03107507634698018
0.89005082983947781,-0.20261781973142698,0.74255052784368203,0.00084899942556764
-0.34387434612934781,1.41124016652594308,0.00874156116443356,1.34345582777400918
-2.18678136832800218,1.28880733773622502,-0.36146825118995296,-1.65334228451631549
0.88005818149204340,0.58547279209236358,-0.52960021103198918,1.63249820377730215
0.72385655614642541,1.27898075858865856,-1.04285763377989915,0.48180653596180290
0.21985268026050242,-0.87389608612654568,-1.27349634060696593,-1.64022351077949513
0.78987057400075988,-0.13860273781788751,0.73203733072661836,-1.04125034329437560
-0.22999390007756476,-1.19519933379972487,0.67726247134454087,0.08033757676908328
-0.81850248262772085,0.32941007299964042,-0.84501548764931877,0.15490275737937262
0.49973415728563181,-1.08243363479137367,-0.49827475011217803,0.64111191095067588
0.15919234808601790,-0.51732032817524531,1.42302871042578483,0.12742873965820048
0.54262642817766871,-0.07815266862979151,-0.48050695401227306,1.57046515324944957
-0.15664505418271715,-0.34926280359114514,-0.77126865241369291,0.19196060832105141
0.43879332064263904,-2.25830413757062631,0.93892206222190699,-0.45427753631563234
1.48787059522956344,-0.28653278959188705,-1.01471312207971875,-0.81887898788514091
0.06016509779543213,0.28060091182661534,-0.15711403708778843,0.30114351448627996
-0.84901286793231656,-1.55612911873252679,0.13644862019163567,-1.55005090160423697
2.33969305720730070,0.54417973265226260,0.36597065078699925,-0.72519599476199037
-0.12120295220738934,-1.53850780252623021,0.36638081041719950,-0.79774172668820276
-1.95020737105763353,-0.29245992928014286,-0.42078685516770081,2.06550044725062998
0.53871149030854193,-0.11119595418992580,-0.89957239061436201,2.04925872291846245
1.69351481682805183,0.25856016426853035,-0.02532009518185122,0.78620945400223285
-0.79096822050228188,0.38902907128545183,0.02481397597953453,0.18087096978824233
-1.07526060008770030,2.01554167600869549,0.56100381728241633,-0.67937749441295114
-0.60787512237188224,-0.32366897751200624,-1.63889606880835004,1.46378330659275280
0.75440166058884939,0.37866206509152156,-0.62594495941103256,0.44470118685534976
0.45347606251521561,-1.59591537837664776,0.96932843802218882,-1.58363734000052170
-0.12343368044626046,0.67107372410206090,0.04290007195879691,0.12083295546022182
-0.76309682228376041,0.42572346827141450,-2.04013379709133025,-0.72960652826380690
0.22827008805461046,0.68959657957731813,0.28595228782042503,-0.51681035609261849
1.11946191647043536,-0.99071914510169901,-1.88282766956994974,1.13520998312328336
0.15657318362766423,0.84173534454885568,-0.15071111772361045,-0.31869546623032458
-0.68877213408237892,1.69763406851880183,-0.13324387430534837,0.09277534060727106
0.45294960414968011,1.58640018968794982,1.37539682070027336,0.62752339496397747
-1.06754665004997285,-0.76639398002021564,-1.01767460057279724,-0.28724167981502158
0.40156514874451954,-0.28192478161927753,0.80937748929356212,0.27692454533916527
