c0,c1,c2,c3,c4,c5,c6,c7,c8,c9,c10,c11,c12,c13,c14,c15,c16,c17,c18,c19,c20,c21,c22,c23,c24,c25,c26,c27,c28,c29,c30,c31,c32,c33,c34,c35,c36,c37,c38,c39
0.93600000000000005,0.91608510638297880,0.89332522796352587,0.87625531914893617,0.84496048632218845,0.82789057750759876,0.80797568389057750,0.78806079027355624,0.76814589665653499,0.74823100303951373,0.73635432045158500,0.71557012592270963,0.69478593139383427,0.67400173686495890,0.64727920104211911,0.62887315741058969,0.62580548347200149,0.61046711377906027,0.60126409196329555,0.60126409196329555,0.58899339620894253,0.58269400159708218,0.56064612045557094,0.53544854200812952,0.50080187164289758,0.47875399050138640,0.46615520127766569,0.45355641205394498,0.41925382626835250,0.39638543574462420,0.38495124048276003,0.35446005311778889,0.32396886575281780,0.29526276372408711,0.26655666169535641,0.25425404654018607,0.22189444061688965,0.16436625230880714,0.09861975138528425,0.07396481353896320
0.94666666666666666,0.92419386745796239,0.89610286844708209,0.88486646884273001,0.86520276953511377,0.85396636993076169,0.83711177052423347,0.81463897131552920,0.80059347181008900,0.78373887240356088,0.76927874560644727,0.74614254273106539,0.72300633985568352,0.70854621305856980,0.68541001018318792,0.66167286697338057,0.65573858117092876,0.65573858117092876,0.64387000956602514,0.62013286635621778,0.59936286604763633,0.58694083773576822,0.55588576695609793,0.54346373864422981,0.50930316078659255,0.48135359708488934,0.45961504753912014,0.44408751214928499,0.41796471731697415,0.38811009465147600,0.37318278331872695,0.34332816065322885,0.30600988232135623,0.28247066060432885,0.25500823526779692,0.23146901355076954,0.20030972326508908,0.13097174213486623,0.10015486163254496,0.06163376100464336
0.93086419753086425,0.90218210741086557,0.87610748002904859,0.86828509181450353,0.84481792717086834,0.83438807621814148,0.81874329978905125,0.79527613514541606,0.78223882145450763,0.76920150776359908,0.75570674446950081,0.73141617054012398,0.70712559661074714,0.68553397534018989,0.65584549609317377,0.64189133660182962,0.63630967280529205,0.62235551331394801,0.60561052192433507,0.58049303483991566,0.58049303483991566,0.57471698474200605,0.54294870920350324,0.51984450881186473,0.49674030842022626,0.47074808297963300,0.45341993268590419,0.43609178239217539,0.39677203152074969,0.37889941748828343,0.36460132626231045,0.34315418942335102,0.31098348416491184,0.28443611356546811,0.25788874296602438,0.23134137236658064,0.19829260488564046,0.13483897132223518,0.09518045034510692,0.06345363356340428
0.96111111111111114,0.93441358024691357,0.91068244170096013,0.89288408779149508,0.87508573388203004,0.86322016460905338,0.84245541838134419,0.82465706447187914,0.80982510288065834,0.80092592592592582,0.78581411600279516,0.76163522012578611,0.73745632424877705,0.71629979035639413,0.69816561844863734,0.68569837526205446,0.68258156446540874,0.67011432127882598,0.65453026729559749,0.62647897012578613,0.61089491614255764,0.60114659301262319,0.55890385944957399,0.54590609527632805,0.51341168484321331,0.49066559754003297,0.46791951023685263,0.45167230502029526,0.42790007844027972,0.40808988962360010,0.39620377633359233,0.36054543646356901,0.30903894554020200,0.28363848426292509,0.25823802298564819,0.24130438213413025,0.20269568099266938,0.15662848076706262,0.11056128054145585,0.06449408031584909
0.92564102564102568,0.90658371040723984,0.88752639517345400,0.87663650075414778,0.84668929110105573,0.83035444947209647,0.80585218702865757,0.78134992458521868,0.76229260935143284,0.74868024132730004,0.73754744963470076,0.71806506417265203,0.70136587663375316,0.67075069947910515,0.64848511609390669,0.63995241719793416,0.62857548533663754,0.60582162161404429,0.58875622382209936,0.56600236009950611,0.55178119527288538,0.54010328637822114,0.51674746858889264,0.49631112802323024,0.46127740133923750,0.45251896966823935,0.44376053799724113,0.43792158354990901,0.40016972289905478,0.36996823437837134,0.35486749011802965,0.35486749011802965,0.32089081553226084,0.28880173397903475,0.26874605800826840,0.25270151723165535,0.20675578682589973,0.12799167755888990,0.07876410926700875,0.03938205463350383
0.93571428571428572,0.91791537267080747,0.89248835403726712,0.87214673913043483,0.84671972049689448,0.83400621118012430,0.82129270186335412,0.79840838509316781,0.78569487577639763,0.76789596273291938,0.75492474714621471,0.72379382973812345,0.70563412791673685,0.68488018297800934,0.68488018297800934,0.66895273686224166,0.65833443945172987,0.63709784463070629,0.61851582416231066,0.59993380369391502,0.58135178322551939,0.57858344140063600,0.55090002315180175,0.52598494672785090,0.49830152847901660,0.47615479387994913,0.45123971745599828,0.43462966650669771,0.40282749578669541,0.37809247411558250,0.36749175054224842,0.34275672887113551,0.30742098362668852,0.28018114963445023,0.25683272049824601,0.22959288650600776,0.18826616693492629,0.12551077795661722,0.08068550011496789,0.05379033340997828
0.93650793650793651,0.90585858585858592,0.88202020202020215,0.87180375180375191,0.84796536796536803,0.82753246753246767,0.80369408369408379,0.78666666666666685,0.77645021645021661,0.76282828282828308,0.74876693199273869,0.72767490573942217,0.71009821719499167,0.69252152865056116,0.67142950239724464,0.65691210775081776,0.64965341042760427,0.63513601578117740,0.61698927247314372,0.59884252916511005,0.58069578585707637,0.57325096808967801,0.54719410590378359,0.52858206148528764,0.49135797264829562,0.49135797264829562,0.47274592822979961,0.46157870157870201,0.42187300681924383,0.39705694759458249,0.39209373574965023,0.37720410021485340,0.33253519361046291,0.30035436842235363,0.27890048496361414,0.25744660150487464,0.21349230368696934,0.13814207885627475,0.07535022483069594,0.05023348322046441
0.94117647058823528,0.91607843137254896,0.88261437908496732,0.86588235294117644,0.83660130718954240,0.81986928104575152,0.79895424836601303,0.77385620915032671,0.76967320261437899,0.74875816993464039,0.74015175418826518,0.70572609120276442,0.68421005183682648,0.65839080459770094,0.63257155735857540,0.62808523425674156,0.62359891115490773,0.60565361874757218,0.59219464944207056,0.58322200323840279,0.56976303393290118,0.56034546312409284,0.53680153610207204,0.51796639448445547,0.49913125286683890,0.48500489665362650,0.46616975503600988,0.44262582801398914,0.41963227850676887,0.39089034162274355,0.38514195424593850,0.35640001736191318,0.31041291834747264,0.26514436775513278,0.24574356035841569,0.22634275296169859,0.20370847766552863,0.20370847766552863,0.10185423883276337,0.08730363328522547
0.94000000000000006,0.91863636363636370,0.89252525252525261,0.87353535353535361,0.84742424242424252,0.83080808080808088,0.81181818181818188,0.78333333333333344,0.77621212121212135,0.75722222222222235,0.74741999280834248,0.72781553398058263,0.71311218985976277,0.69595828838547291,0.67880438691118306,0.65854156939144626,0.64587730844161073,0.62814734311184106,0.61295022997203852,0.59775311683223586,0.57495744712253194,0.56968260815810512,0.53803357437154375,0.51957163799604966,0.50110970162055546,0.47737292628063438,0.45363615094071336,0.43253679508300580,0.40485444019769340,0.37371179095171697,0.37371179095171697,0.34602943606640463,0.31142649245976411,0.28484130407905250,0.26585188380711566,0.24306457948079147,0.20178946221046834,0.14293420239908164,0.07567104832892541,0.06726315407015587
0.94242424242424239,0.92305936073059358,0.92305936073059358,0.90369447903694478,0.88110211706102115,0.86496471564964705,0.84237235367372343,0.82300747198007462,0.80687007056870053,0.80364259028642571,0.79702824797954153,0.77057087875200492,0.75403502298479452,0.73419199606414209,0.70773462683660548,0.69412434555128610,0.69412434555128610,0.67370892362330714,0.65329350169532818,0.63287807976734922,0.61246265783937026,0.60190295684213968,0.57374375418285828,0.54910445185598711,0.52094524919670571,0.49630594686983454,0.47166664454296336,0.45406714288091249,0.42812044900200319,0.39784930614327568,0.38055151022400285,0.35460481634509355,0.32000922450654778,0.29218233541902189,0.25971763148357502,0.23652855724397007,0.20499141627810735,0.13324442058076957,0.08199656651124260,0.05124785406952641
0.95200000000000007,0.92665088757396452,0.89003550295857992,0.87313609467455622,0.84215384615384625,0.82525443786982255,0.81117159763313618,0.78863905325443795,0.77737278106508889,0.74920710059171614,0.73463108696152712,0.71422466787926242,0.70256385697511126,0.68215743789284666,0.66466622153661981,0.63796088227845205,0.62609184260815531,0.60828828310271021,0.59345198351483919,0.57564842400939398,0.55784486450394877,0.54854745009554962,0.50825865432581996,0.49276296364515471,0.46487072041995725,0.44007761533089285,0.43078020092249369,0.41838364837796155,0.38849910206525001,0.36608569233071642,0.36235012404162747,0.32873000943982705,0.30258103141620446,0.27900328870844832,0.25149592221606615,0.22398855572368398,0.18885309600232186,0.11690905943000915,0.08093704114385281,0.05395802742923555
0.94712643678160913,0.92271596160682534,0.89830548643204156,0.87877710629221462,0.85436663111743083,0.84216139353003894,0.82019196587273346,0.79578149069794968,0.78357625311055779,0.77137101552316589,0.75639293755184234,0.73891851325196478,0.72144408895208723,0.70396966465220967,0.67900620136667034,0.65858496222782315,0.65347965244311135,0.64071637798133185,0.62284779373484056,0.60497920948834927,0.58711062524185798,0.58441745723616134,0.55479260917349882,0.53324726512792608,0.50900875307665672,0.47938390501399414,0.44975905695133156,0.43360004891715198,0.40671012340291002,0.36973647582082730,0.35965275375298655,0.32940158754946430,0.29915042134594205,0.27297475947817212,0.25427785814405074,0.23558095680992935,0.18846476544794344,0.12291180355300640,0.08194120236867077,0.06555296189493651
0.93846153846153846,0.92204530163713838,0.90562906481273830,0.89468490692980496,0.86458847275173811,0.84817223592733804,0.82901995963220454,0.80439560439560442,0.79071540704193766,0.78250728862973762,0.77132861307788425,0.74338192419825078,0.73220324864639741,0.70705122865472725,0.68748854643898383,0.67603040399833403,0.67030133277800918,0.65024958350687212,0.63306236984589759,0.61014608496459810,0.58722980008329861,0.58426399301217080,0.55757172937202082,0.53977688694525416,0.51011881623397648,0.49232397380720982,0.46859751723818766,0.45970009602480433,0.41858870532339904,0.38868951208601338,0.37373991546732055,0.35131552053928128,0.30646673068320279,0.27747663453749444,0.26091086531137536,0.24434509608525626,0.19447874994540795,0.09212151313203487,0.04094289472534833,0.00000000000000000
0.94848484848484849,0.91964578214578219,0.89080671580671589,0.87478501228501238,0.83953726453726463,0.82671990171990184,0.80749385749385760,0.77865479115479130,0.76904176904176913,0.74661138411138417,0.73670061352583482,0.72018266254991925,0.71027189196436991,0.69375394098845433,0.66732521942698941,0.65021431636475890,0.64336995513986672,0.63310341330252839,0.61941469085274403,0.59888160717806738,0.57150416227849854,0.56431543067751111,0.53556050427356150,0.52477740687208041,0.49961684626862451,0.47086191986467485,0.44929572506171261,0.43851262766023152,0.41636552525314913,0.39864784332748315,0.38535958188323371,0.34549479755048534,0.30563001321773703,0.28652813739162841,0.26742626156551985,0.24832438573941126,0.20513753604560056,0.13054206839265473,0.07459546765294535,0.05594660073970888
0.91884057971014499,0.89718440443078129,0.87862196847704099,0.86624701117454750,0.83530961791831371,0.81674718196457341,0.79818474601083311,0.77343483140584612,0.75796613477772923,0.74559117747523573,0.73921860330878075,0.71691459372618827,0.70416944539327830,0.68186543581068582,0.65956142622809333,0.64976595950193350,0.63997049277577378,0.61384924817268105,0.59099315914497486,0.56487191454188201,0.54528098108956247,0.53512046591398055,0.50463892038723479,0.48431789003607101,0.45383634450932531,0.43690215255002213,0.41996796059071895,0.41658112219885829,0.38074618695594581,0.35386998552376148,0.33595251790230524,0.31355568337548495,0.27772074813257247,0.25418509151116808,0.23535656621404458,0.21652804091692107,0.17955983880915422,0.11340621398472957,0.06615362482442626,0.03780207132824426
0.93571428571428572,0.91049287639584131,0.88527146707739701,0.87518290335001925,0.84743935309973040,0.83230650750866386,0.80708509819021956,0.78943011166730848,0.78943011166730848,0.77429726607624183,0.76650232715601119,0.74571582336872955,0.73272425850167855,0.70933944174098673,0.68335631200688463,0.66746430475091056,0.65686963324692793,0.63832895811495816,0.61713961510699278,0.59859893997502311,0.58005826484305345,0.57456008223790600,0.54706916921216886,0.53057462139672662,0.50033461706841575,0.47834188664782606,0.45360006492466265,0.44535279101694153,0.40851910153433735,0.38842799818018964,0.37838244650311575,0.35494282592327675,0.31810913644067257,0.28919012403697508,0.27473061783512631,0.25304135853235316,0.21570738760135025,0.15978325007507430,0.09586995004504466,0.06391330003002985
0.93623188405797098,0.91787439613526567,0.89339774557165852,0.88421900161030587,0.85362318840579698,0.83220611916264076,0.80772946859903372,0.78019323671497576,0.76489533011272126,0.75571658615136861,0.74941894793344055,0.72107957595276428,0.70218666129898011,0.68959138486312388,0.66440083199141164,0.64171397431365607,0.64171397431365607,0.61578613696764972,0.60282221829464655,0.58337634028514185,0.56393046227563715,0.55713611935665353,0.54354743351868640,0.51976723330224384,0.49938420454529309,0.47560400432885053,0.45861814703139159,0.44502946119342440,0.41079642571700714,0.37228426080603771,0.35088861363327689,0.32521383702596390,0.29953906041865097,0.26728100775818087,0.24423954157213076,0.21658978214887065,0.21658978214887065,0.14125420574926326,0.07533557639960679,0.04708473524975401
0.92000000000000004,0.90024539877300613,0.87202453987730066,0.87202453987730066,0.84944785276073620,0.83533742331288341,0.81558282208588950,0.79018404907975448,0.77607361963190169,0.76196319018404890,0.74736619420351158,0.72693039983075936,0.70941400465411453,0.69481700867357721,0.66270361751639506,0.64479270893487095,0.63882240607436291,0.61494119463233066,0.60001543748106045,0.57911937746928221,0.56419362031801201,0.56109365537120981,0.53319397084998943,0.50839425127557136,0.48669449664795555,0.46189477707353743,0.44329498739272388,0.42779516265871259,0.39610663209140057,0.37630130048683058,0.36045703520317457,0.33669063727769055,0.30104104038946450,0.28454564091606921,0.25980254170597628,0.23918329236423214,0.20308015389415940,0.12692509618384978,0.08461673078923333,0.05077003847354017
0.92857142857142860,0.91090838509316774,0.88567546583850942,0.88062888198757772,0.85034937888198769,0.83016304347826109,0.80745341614906851,0.78222049689441009,0.76455745341614922,0.74689440993788836,0.73911425983436874,0.71836719289164963,0.70799365942029013,0.68465320910973115,0.65871937543133230,0.64005121499400719,0.63205057480658211,0.61071553430678183,0.59471425393193167,0.57337921343213138,0.55471105299480616,0.54919154002968373,0.52435373168663268,0.50227567982614285,0.47191835851796937,0.45260006314004081,0.43328176776211225,0.41948298534930611,0.38775738141532501,0.36308191168889525,0.34545657617001685,0.32078110644358709,0.27495523409450329,0.25732989857562488,0.23970456305674648,0.21855416043409240,0.19073817637884433,0.10270517189630106,0.05868866965502945,0.02934433482751504
0.92051282051282046,0.90167191482980946,0.88013945119208270,0.87206477732793508,0.84514919778077657,0.82630829209776568,0.80477582846003892,0.78055180686759629,0.76978557504873291,0.75901934322986953,0.74805877509658625,0.72613763883001958,0.70969678663009461,0.68777565036352795,0.66585451409696139,0.64899743779070918,0.63494987420216564,0.61247377246049606,0.60123572158966132,0.57595010713028305,0.55909303082403083,0.55040246557806138,0.52143391475816336,0.49825907410224496,0.47508423344632655,0.46059995803637754,0.44901253770841837,0.44321882754443875,0.40997741547860583,0.37673600341277291,0.36565553272416196,0.35088157180601398,0.32133364996971803,0.29356407528097689,0.26976158269062739,0.24595909010027786,0.20571123899295954,0.14025766294974462,0.07480408690652973,0.05610306517989690
0.94102564102564101,0.92742700459463467,0.90294945901882318,0.88391136801541426,0.85943382243960276,0.84311545872239513,0.84311545872239513,0.82135764043278492,0.80231954942937600,0.77512227656736321,0.76392917510068648,0.73034987070065638,0.70796366776730291,0.68837574020061865,0.67438436336727270,0.66003575989137331,0.65429631850101355,0.64281743572029393,0.62846883224439454,0.60264134598777563,0.58255330112151649,0.57654759698624314,0.54651907630987628,0.52549911183641951,0.49847344322768938,0.47144777461895926,0.45042781014550248,0.43541354980731906,0.40936316648551363,0.37214833316864876,0.35726239984190278,0.32749053318841087,0.30516163319829193,0.27705464066687030,0.25296293278279458,0.22485594025137295,0.18887898981115328,0.11496981988504983,0.09033342990968200,0.04927277995073563
0.96231884057971018,0.94416188132348922,0.91390028256312095,0.89271716343086316,0.86850788442256854,0.85337708504238441,0.83824628566220027,0.80193236714975835,0.78377540789353739,0.76864460851335326,0.74989717903741782,0.71865146324419205,0.69990403376825661,0.67803203271299861,0.65616003165774062,0.63676613909642810,0.63676613909642810,0.62706919281577178,0.61413993110823006,0.60121066940068846,0.58828140769314674,0.57498691260403612,0.54839792242581475,0.53177980356442645,0.50186718961392740,0.47527819943570604,0.46530732811887304,0.45201283302976236,0.43681912435649306,0.41023013417827175,0.39503642550500240,0.36085058099014639,0.33806001798024238,0.30884495469799922,0.27545631094686412,0.25458840860240473,0.22218624750755317,0.15108664830513599,0.09776194890332311,0.05332469940181237
0.94615384615384612,0.92161383285302589,0.88889381511859900,0.86980713810684995,0.83163378408335187,0.81527377521613842,0.79891376634892497,0.77982708933717593,0.76619374861449796,0.74983373974728440,0.73864219139284726,0.71905698177258237,0.69667388506370820,0.67708867544344331,0.65190769164595985,0.63467665133813711,0.62606113118422579,0.61170193092770686,0.60308641077379554,0.59447089061988423,0.57436801026075768,0.56847705630936529,0.54491324050379575,0.52429490167392245,0.49189465494126428,0.47716727006278331,0.46538536215999854,0.45654893123290996,0.42314291187440439,0.39344867244462162,0.38973689251589877,0.36004265308611605,0.32292485379888758,0.29022360278127873,0.26978532089527324,0.26978532089527324,0.22563863202150128,0.15042575468100097,0.08595757410342930,0.07521287734050068
0.93939393939393945,0.90700104493207956,0.88432601880877759,0.86812957157784754,0.83249738766980164,0.80982236154649967,0.79362591431556961,0.79362591431556961,0.77742946708463956,0.76447230929989562,0.75445738821736419,0.73776585307981191,0.71773601091474915,0.69770616874968638,0.67433801955711314,0.65061758670837044,0.64384032018015824,0.62689715385962774,0.60995398753909724,0.58962218795446064,0.56590175510571794,0.56590175510571794,0.54067046666151397,0.51183470843956658,0.47579001066213228,0.45055872221792831,0.42893190355146776,0.42172296399598092,0.38259402919223018,0.35216041323375735,0.34346509438847939,0.31303147843000656,0.28694552189417272,0.26812942209783353,0.24460929735240955,0.22579319755607036,0.18724313943674131,0.12482875962449438,0.09986300769959562,0.07489725577469684
0.94603174603174600,0.93237063778580020,0.90846369835539509,0.88797203598647645,0.85723454243309838,0.84698871124863906,0.83674288006417974,0.80942066357228815,0.78551372414188303,0.76843733883445076,0.76160678471147791,0.74453039940404575,0.72745401409661348,0.71037762878918120,0.68988596642026256,0.67237617031822550,0.66537225187741067,0.64085853733455866,0.63035265967333642,0.61284286357129925,0.59533306746926207,0.59533306746926207,0.56992250971142777,0.54451195195359336,0.51547131451606842,0.49369083643792472,0.46828027868009037,0.45012988028163725,0.41862078866192265,0.39161299584502446,0.37360780063375898,0.35110130661967714,0.31959221499996254,0.28143195052235509,0.25758178522385045,0.24327168604474766,0.20456937235581060,0.12501461643966236,0.07955475591614909,0.05682482565439246
0.92839506172839503,0.90209491833665589,0.88368481796243836,0.87579477494491664,0.85212464589235137,0.83371454551813395,0.80741440212639470,0.79163431609135115,0.77585423005630760,0.76533417269961190,0.75455481815454695,0.73299610906441703,0.72221675451935208,0.69526836815668969,0.66831998179402730,0.65451171770737382,0.65451171770737382,0.64070345362072034,0.61584857826474415,0.60204031417809067,0.58270874445677578,0.57696777160498491,0.55974485304961219,0.53678096164244860,0.49659415167991233,0.47937123312453966,0.45353685529148063,0.43631393673610797,0.41064841104574867,0.37764987801528677,0.36665036700513276,0.34098484131477347,0.30431980461426023,0.27629034892610471,0.25226510119339995,0.23624826937159682,0.20608891583479730,0.12757885265963670,0.09813757896895146,0.05888254738137115
0.94202898550724634,0.92361799556247925,0.89600151064532874,0.88065901902468957,0.85611103243166686,0.84076854081102770,0.82235755086626072,0.79780956427323801,0.79167256762498239,0.77326157768021531,0.76068821869354519,0.73868484046687244,0.72925482122686980,0.71039478274686452,0.69467808401352682,0.68169344692916178,0.66870880984479675,0.65247801348934054,0.63949337640497550,0.61677026150733683,0.59404714660969815,0.59404714660969815,0.56029446782505621,0.54679339631119950,0.51979125328348597,0.50291491389116505,0.47253750298498726,0.45566116359266629,0.43354168963185724,0.39372663650240097,0.38487884691807739,0.35391158337294476,0.31852042503565031,0.28368225354737608,0.28368225354737608,0.26875160862383002,0.22500134675483452,0.15882448006223643,0.10588298670815795,0.06617686669259909
0.93599999999999994,0.91047272727272721,0.88778181818181812,0.87359999999999993,0.84807272727272720,0.82821818181818174,0.80552727272727265,0.77999999999999992,0.76298181818181809,0.74312727272727264,0.73156108949416332,0.71132026883622201,0.71132026883622201,0.68529635656172605,0.66216399009550742,0.64418668719698680,0.63519803574772660,0.62021694999895938,0.60523586425019227,0.58725856135167165,0.56029260700389083,0.55717987029831362,0.52293976653696472,0.50737608300907888,0.47936145265888436,0.46379776913099846,0.44512134889753541,0.42644492866407235,0.40339385143898737,0.37650092800972151,0.36113354319299817,0.33424061976373232,0.29966400392610482,0.27469200359892937,0.26220600343534167,0.24555800321722471,0.20463166934768717,0.12091871370545115,0.05580863709482314,0.02790431854741115
0.92820512820512824,0.90377867746288809,0.88206627680311900,0.87121007647323445,0.84135552556605198,0.84135552556605198,0.82235717498875405,0.79521667416404274,0.78164642375168703,0.76807617333933131,0.75137886522325892,0.72911578773516228,0.70963559493307782,0.68737251744498129,0.66510943995688476,0.65378842821293781,0.64529766940497757,0.63114640472504391,0.61133463417313672,0.58869261068524281,0.58303210481326939,0.57717248566941737,0.55080419952208359,0.52736572294667583,0.49806762722741604,0.48048876979586019,0.45705029322045243,0.44533105493274849,0.41193122581279240,0.39337576519059453,0.37482030456839666,0.35626484394619884,0.31544283057736361,0.28749220001987574,0.25554862223988961,0.23159093890489998,0.18789453533793779,0.13152617473655670,0.07515781413517564,0.04697363383448509
0.94666666666666666,0.92123383084577115,0.89580099502487565,0.87601990049751244,0.84210945273631843,0.82515422885572143,0.79972139303482592,0.77994029850746283,0.76581094527363203,0.74602985074626882,0.73450815420964688,0.73450815420964688,0.71722560940471403,0.69130179219731469,0.65961712672160444,0.64202733667569500,0.63323244165274029,0.61564265160683085,0.60098449323523961,0.58632633486364838,0.57166817649205715,0.56264183686323521,0.52653647834794737,0.50246623933775547,0.46636088082246763,0.44529942168854975,0.43025552230717984,0.42423796255463186,0.39498017203362273,0.36937960532773978,0.36206515769748748,0.34012181480673065,0.30720680047059540,0.28751405685068543,0.26782131323077546,0.25206711833484746,0.20165369466787791,0.14115758626751443,0.09074416260054485,0.06049610840036312
0.95199999999999996,0.93222551928783381,0.90397626112759644,0.89267655786350153,0.85595252225519292,0.83900296735905044,0.82487833827893176,0.79945400593471805,0.78815430267062314,0.77402967359050445,0.76251993866722556,0.73086816762820861,0.71648099897410999,0.70209383032001138,0.68482922793509304,0.66121442697181398,0.65531072673099422,0.63169592576771516,0.61988852528607563,0.60808112480443610,0.58741817396156693,0.58133093899823463,0.55698199914490543,0.53263305929157623,0.50828411943824703,0.49002241454825013,0.47176070965825323,0.45958623973158863,0.43017272038876692,0.40075920104594526,0.39340582121023981,0.36031561194956541,0.32354871277103830,0.28759885579647848,0.25963785592737637,0.24366014171646089,0.21147861356523018,0.11077451186750137,0.06042246101863696,0.03021123050931831
0.94492753623188408,0.93281308063916768,0.90858416945373477,0.89344109996283927,0.86618357487922726,0.84498327759197345,0.83286882199925694,0.80258268301746571,0.78441099962839100,0.76623931623931629,0.75393025091820276,0.73546665293653257,0.72623485394569742,0.70777125596402723,0.68315312532180017,0.66131718067681111,0.65507833934967141,0.63636181536825220,0.62388413271397269,0.60204818806898375,0.58021224342399469,0.57697083424285500,0.55752237915601721,0.53159110570690016,0.50565983225778310,0.47648714962752642,0.46676292208410752,0.45703869454068863,0.43681574345481750,0.38828066084872676,0.37614689019720404,0.34379016845981020,0.34379016845981020,0.32175233714828394,0.30412207209906295,0.27767667452523148,0.24168155004973862,0.12084077502487035,0.08788420001808810,0.05492762501130584
0.93809523809523809,0.91527670527670535,0.89499356499356508,0.87471042471042482,0.84935649935649948,0.83667953667953676,0.81893178893178897,0.79611325611325612,0.78343629343629340,0.76568854568854561,0.75530632811988740,0.72935078419824184,0.70858634906092532,0.68263080513927976,0.66186637000196324,0.66186637000196324,0.65392397356193965,0.63274424972187682,0.61421199136182181,0.59303226752175897,0.58244240560172755,0.57427732514936680,0.54433869682404434,0.51984345546696231,0.49262652062576007,0.46813127926867804,0.45452281184807691,0.43819265094335558,0.40341545642404159,0.38254913971245319,0.37559370080859039,0.35820510354893337,0.32690562848155075,0.29347209829593751,0.27489791485948573,0.26003856811032428,0.21463500859899762,0.15453720619127770,0.10302480412751777,0.07726860309563781
0.92463768115942035,0.90620636525591025,0.88777504935240015,0.87548750541672682,0.84784053156146177,0.83555298762578845,0.81712167172227834,0.79869035581876835,0.77718715393133997,0.75875583802782998,0.74600363906937905,0.72368729089208994,0.70774704219402629,0.67905459453751171,0.65673824636022260,0.64048234917308833,0.63072881086080779,0.61447291367367352,0.59821701648653935,0.57870993986197827,0.55595168379999038,0.55254093727361009,0.52866571158894793,0.50820123243066606,0.48091526021962355,0.46045078106134174,0.44680779495582046,0.42975406232391894,0.40054747556404097,0.37134088880416299,0.35882378019278671,0.32961719343290874,0.29206586759877989,0.26924822169262519,0.24186704660523958,0.21904940069908491,0.18699339084068226,0.12099572348514749,0.07699727858145763,0.05499805612961271
0.93827160493827155,0.91513614070691696,0.89200067647556236,0.88171824792829367,0.85344156942330474,0.84058853373921882,0.82516489091831569,0.79688821241332664,0.78146456959242350,0.76604092677152036,0.75551115458222118,0.72655428106164821,0.71865695191967371,0.70549473668304963,0.67390542011515187,0.65760125672526915,0.64673181446534733,0.62499292994550371,0.61412348768558189,0.59510196373071866,0.57879780034083594,0.57600167570150818,0.55083655394755882,0.53405980611159254,0.50889468435764318,0.48652568724302153,0.46415669012839983,0.45017606693176127,0.42593581717389717,0.39823267459348111,0.38091821048072105,0.34975217507775297,0.31858613967478489,0.29609770628597654,0.27360927289716819,0.24737276727689181,0.21699365550604546,0.12858883289247142,0.07233121850201521,0.05625761439045629
0.94509803921568625,0.91236737119090050,0.87145403615991834,0.85918003565062373,0.85099736864442732,0.83054070112893630,0.81826670061964168,0.79371869960105246,0.78962736609795425,0.76507936507936503,0.75232804232804229,0.73107583774250440,0.71407407407407408,0.69282186948853619,0.66731922398589072,0.64492596143602854,0.63596865641608369,0.62253269888616647,0.60909674135624925,0.58670347880638718,0.56878886876649748,0.56412666492414909,0.51750462650066564,0.50351801497362059,0.50351801497362059,0.47088258807718220,0.46155818039248553,0.44757156886544053,0.42432109775554749,0.40688324442312773,0.40688324442312773,0.36619491998081494,0.34875706664839518,0.33007365236365971,0.31139023807892424,0.27402340950945331,0.23392242275197231,0.17236389044882156,0.08618194522441051,0.07387023876378036
0.95454545454545459,0.93227272727272736,0.91000000000000003,0.89409090909090916,0.86545454545454548,0.84636363636363632,0.83363636363636362,0.80499999999999994,0.79863636363636359,0.78590909090909089,0.77302533532041728,0.74403688524590161,0.73759500745156481,0.71826937406855429,0.68928092399403862,0.66930176677682007,0.66597190724061706,0.64932260955960164,0.63600317141478924,0.60936429512516455,0.58605527837174287,0.57565193023496641,0.54097410311237804,0.52363518955108390,0.50629627598978966,0.48548957971623663,0.46468288344268360,0.44040840445687174,0.44040840445687174,0.40404440775859790,0.40000396368101193,0.35959952290515212,0.32727597028446426,0.29189478430776539,0.26978154307232860,0.25209095008397914,0.21749023144500157,0.14136865043925070,0.07612158100574998,0.05437255786124974
0.93939393939393934,0.92022263450834874,0.89785611214182637,0.88507524221809930,0.87229437229437223,0.85312306740878163,0.83395176252319103,0.80519480519480513,0.79241393527107806,0.77963306534735100,0.76658481320764638,0.74048830892823714,0.72417799375360636,0.70786767857897559,0.67524704822971404,0.66180929602613758,0.65844985797524347,0.64165266772077301,0.62485547746630254,0.60805828721183208,0.58454222085557339,0.57410396691172383,0.55322745902402481,0.53930978709889210,0.50799502526734353,0.47668026343579495,0.44884491958552952,0.43144782967911366,0.41912074883113898,0.39446658713518962,0.38624853323653979,0.36570339848991534,0.33283118289531621,0.30620468826369091,0.28845369184260738,0.27070269542152386,0.23624962509514813,0.16624973617806732,0.10499983337562160,0.06124990280244608
0.93142857142857149,0.90516268980477232,0.88091726061357301,0.86273318872017357,0.83646730709637440,0.82030368763557493,0.79807871087697557,0.77787418655097618,0.76575147195537652,0.74756740006197708,0.73517678017144705,0.71865595365074031,0.70626533376021028,0.68354919729423858,0.65876795751317851,0.64193043783233050,0.63140698803180051,0.61246477839084645,0.59562725870999844,0.57878973902915043,0.55774283942809044,0.55336838578551717,0.52274721028750437,0.49868771525335143,0.47244099339791185,0.45056872518504554,0.43088368379346581,0.41557309604445941,0.39030175912283688,0.35941456955196488,0.35660664322734015,0.33133530630571756,0.30325604305947029,0.27875050422638176,0.25730815774742927,0.23892900362261285,0.19481903372305345,0.13487471565442125,0.07493039758578905,0.07493039758578905
0.93650793650793651,0.91292680141601013,0.88934566632408363,0.86913326481671815,0.83881466255566994,0.83207719538654812,0.82533972821742629,0.79838985954093900,0.77817745803357341,0.76133379011076874,0.75099894228121078,0.72343934806905630,0.70276965240994038,0.68898985530386314,0.66832015964474722,0.65410058177996533,0.64699079284757433,0.62210653158420615,0.61144184818561975,0.58300269245605607,0.57589290352366518,0.57217746543641568,0.54616939882566951,0.52016133221492333,0.49786870369142666,0.47557607516792993,0.45328344664443321,0.43842169429543537,0.39688700746744676,0.36919721624878771,0.34612239023323849,0.32304756421768926,0.29074280779592038,0.25565315857917142,0.22557631639338660,0.19549947420760178,0.16040982499085280,0.12266633675771112,0.06605110440799861,0.04717936029142776
0.93846153846153846,0.92223453779649744,0.89248503657725564,0.87355353580137440,0.84109953447129238,0.82757703391709159,0.80864553314121035,0.78160053203280866,0.76807803147860776,0.75185103081356675,0.73803023980596449,0.71868113239532128,0.70209618318619849,0.67445460117099387,0.64681301915578926,0.62712740552930879,0.61869071397510278,0.59338063931248497,0.58213171724021040,0.56807056464986716,0.55119718154145525,0.54249406814869550,0.51638472797041601,0.49317642558972313,0.46126500981627044,0.44095774523316422,0.42065048065005800,0.42065048065005800,0.39213180399581682,0.37074279650513592,0.35648345817801530,0.33509445068733440,0.29944610486953294,0.27641178911033815,0.25337747335114336,0.24186031547154593,0.19788571265853769,0.13765962619724398,0.07743353973595025,0.05162235982396723
0.91818181818181821,0.89213410702772400,0.86608639587362990,0.85631850419084465,0.82701482914248881,0.81073500967117995,0.79119922630560935,0.76189555125725350,0.74887169568020640,0.73259187620889754,0.72246387792029521,0.69545588248402246,0.67857588533635205,0.65831988875914749,0.63131189332287474,0.62084816028437406,0.61387233825870691,0.58596905015603840,0.56852949509187056,0.55108994002770273,0.54062620698920205,0.53341785756267934,0.50458445985658862,0.47935523686375914,0.45412601387092966,0.43250096559136153,0.40727174259853210,0.39285504374548669,0.36087847041736565,0.36087847041736565,0.34717422470531378,0.32890189708924461,0.28322107804907171,0.25961932154498235,0.23601756504089300,0.22185651113843941,0.20168773739858126,0.15784257709454172,0.08769032060807845,0.06138322442565472
0.92444444444444440,0.91036661026508736,0.88690355329949233,0.87517202481669476,0.85170896785109973,0.83293852227862375,0.81416807670614777,0.78835871404399327,0.77428087986463623,0.75316412859560078,0.74350817822899051,0.72419627749576998,0.70729836435420201,0.68557247602932891,0.66143260011280325,0.64415637548299121,0.63428424712309861,0.61207195831334027,0.59726376577350138,0.57751950905371618,0.55777525233393099,0.55777525233393099,0.53218923158466802,0.50916181291033136,0.48869299631092100,0.46822417971151070,0.45287256726195296,0.44007955688732153,0.40096137405289295,0.36836288835753578,0.35532349407939290,0.33576440266217861,0.30968561410589285,0.28447864551587831,0.26647366795158217,0.24126669936156764,0.20382876325373814,0.13327265289667478,0.07839567817451439,0.04703740690470844
0.94666666666666666,0.93260726072607258,0.91620462046204620,0.90448844884488444,0.88339933993399333,0.87168316831683157,0.85528052805280519,0.82716171617161705,0.81310231023102297,0.81310231023102297,0.80107416954713218,0.76980100376901595,0.75296160681156876,0.74093346612767785,0.71928281289667428,0.70198047719125600,0.69703695270399368,0.67973461699857540,0.66490404353678834,0.64265818334410774,0.62782760988232067,0.62268148193246553,0.59952390615811768,0.58151245833362486,0.55578181858434950,0.53005117883507402,0.50432053908579855,0.48888215523623330,0.45650585356495960,0.42736718206081326,0.41117903122517641,0.37880272955390271,0.34318879771550165,0.30816953264249131,0.27315026756948096,0.25213870852567477,0.22062136995996548,0.14970735818711972,0.09455201569712857,0.06303467713141933
0.92839506172839503,0.90224308815858112,0.87347591723178586,0.86039993044687890,0.83424795687706499,0.81071118066423242,0.78717440445139986,0.76363762823856729,0.75056164145366033,0.73225525995479057,0.72148680024957312,0.69994988083913812,0.68918142113392067,0.66495238679718127,0.64072335246044188,0.62130749329497392,0.61298641079548766,0.59911793996301055,0.57692838663104717,0.56028622163207464,0.54087036246660669,0.53223945242724591,0.50059278228292325,0.48333096220420180,0.45168429205987909,0.43442247198115758,0.41428368188931580,0.39702186181059435,0.36788264259513787,0.34602822818354551,0.33874342337968139,0.32053141137002111,0.28046498494876848,0.25319755585652709,0.22982547377746304,0.21034873871157633,0.18166481979636137,0.11560488532495726,0.06605993447140418,0.04954495085355316
0.93589743589743590,0.91957364341085268,0.90324985092426957,0.88420542635658916,0.85155784138342272,0.83795468097793679,0.82163088849135368,0.80258646392367328,0.78898330351818735,0.77538014311270131,0.76698252423422442,0.74458887389161932,0.72219522354901422,0.70539998579206042,0.68020712915662973,0.66573463704691416,0.65705114178108481,0.63389515440553990,0.63389515440553990,0.61363366545193809,0.59916117334222252,0.59316956160880030,0.56021569707497809,0.53624925014128910,0.51228280320760022,0.49131216214062240,0.47633313280706685,0.46135410347351130,0.42322566516991528,0.38891007069667888,0.37365869537524049,0.33171741324128490,0.29358897493768893,0.26504560237430247,0.24465747911474073,0.22426935585517899,0.19623568637328159,0.14016834740948669,0.09344556493965762,0.07475645195172601
0.94999999999999996,0.92795823665893262,0.90591647331786540,0.89048723897911830,0.85962877030162410,0.84419953596287700,0.83097447795823665,0.81113689095127606,0.79570765661252896,0.77807424593967511,0.76673205576562731,0.73951079934791275,0.72363173310424589,0.70548422882576944,0.68506828651248353,0.67103958439959988,0.66636335036197192,0.64765841421146042,0.63596782911739069,0.61492477594806527,0.59621983979755377,0.58891918869799187,0.55728303393322376,0.54024818136757935,0.50861202660281124,0.48671007330412558,0.46724167037196052,0.45020681780631611,0.42058794821379530,0.39096907862127450,0.37615964382501410,0.34654077423249330,0.30803624376221628,0.28557526765455471,0.26311429154689309,0.24065331543923149,0.19818508330289655,0.13872955831202763,0.08588020276458856,0.04624318610400927
0.94444444444444442,0.92122040072859745,0.89799635701275049,0.87864298724954459,0.87864298724954459,0.86316029143897988,0.83606557377049173,0.81284153005464477,0.80510018214936241,0.79735883424408005,0.77742486338797800,0.75350409836065557,0.73755692167577402,0.71363615664845159,0.69370218579234955,0.67728319914637680,0.66907370582339043,0.65675946583891087,0.64034047919293813,0.61160725256248571,0.59929301257800616,0.58645101945133460,0.55220570444687711,0.53936371132020555,0.50939906069130525,0.48799573881351926,0.47087308131129052,0.45803108818461891,0.43043885395662979,0.40284661972864072,0.39180972603744507,0.36421749180945595,0.33110681073586906,0.31336894587501890,0.28971845939388541,0.25424272967218514,0.21409914077657696,0.16372287235855876,0.10075253683603602,0.07556440262702693
0.95802469135802470,0.93206196259493457,0.90350296095553551,0.88792532369768140,0.86196259493459126,0.84638495767673716,0.82561477466626509,0.79445950015055700,0.77628559001639386,0.76330422563484879,0.75266583921485086,0.72872946976985564,0.71809108334985772,0.69947390711486146,0.68085673087986509,0.66438439061664256,0.66163900057277214,0.65340283044116088,0.63143971009019750,0.60947658973923413,0.59300424947601160,0.58721884216405051,0.56407721291620616,0.54961369463630338,0.52068665807649794,0.49175962151669250,0.47440339958080924,0.45704717764492597,0.42825680424996998,0.39586763418064447,0.37787365080879698,0.34188568406510200,0.31309531067014601,0.28990306543532041,0.26284544599469051,0.22805707814245205,0.19675512624054683,0.11120941917943936,0.06843656564888562,0.04277285353055336
0.92000000000000004,0.92000000000000004,0.90934362934362944,0.89868725868725874,0.87027027027027026,0.85606177606177603,0.83474903474903472,0.79567567567567565,0.78146718146718153,0.76725868725868729,0.75634979597064911,0.73089571629855998,0.71271423081849627,0.69453274533843257,0.67271496276235609,0.65784833375103335,0.65413167649820270,0.63554839023404919,0.62811507572838776,0.60581513221140360,0.57979853144158877,0.57211908069401807,0.55292045382509136,0.52988210158237925,0.50300402396588173,0.47612594634938427,0.45692731948045751,0.43388896723774539,0.40951318256146763,0.37051192707942315,0.35588645627365650,0.33638582853263427,0.30713488692110091,0.28519668071245091,0.26874302605596340,0.24680481984731337,0.21345281716524409,0.11858489842513613,0.08300942889759565,0.03557546952754167
0.94242424242424239,0.92645095017976375,0.90728299948638924,0.89130970724191061,0.86575243965074467,0.85297380585516169,0.84019517205957872,0.81463790446841278,0.79227529532614260,0.78269131997945540,0.76970059267689184,0.74047145624612376,0.71773768346663747,0.71773768346663747,0.70474695616407390,0.68796726673159592,0.67789945307210919,0.65776382575313563,0.65440788786664006,0.64434007420715322,0.62420444688817966,0.62073664440546761,0.59992982950919493,0.56871960716478598,0.55138059475122536,0.52710597737224063,0.50629916247596796,0.48549234757969528,0.46301585000656126,0.41806285486029321,0.40907225583103962,0.37310985971402516,0.34164276311163749,0.30795967379077177,0.27427658446990610,0.25502910485798286,0.22247219785483610,0.14460692860564334,0.07786526924919242,0.07786526924919242
0.93968253968253967,0.91954648526077098,0.89605442176870742,0.88263038548752826,0.85913832199546480,0.85242630385487528,0.83900226757369611,0.81886621315192742,0.80544217687074826,0.78530612244897957,0.76793209319125877,0.74013364637890555,0.71581000541809647,0.69843597616037567,0.68106194690265487,0.66350880394124623,0.65297691816440107,0.63893440379527422,0.62138126083386558,0.59680686068789346,0.57574308913420313,0.57207593570022730,0.53907155479444491,0.51706863419059002,0.49506571358673507,0.47672994641685601,0.45839417924697695,0.44372556551107367,0.41655869415325286,0.37580838711652159,0.36675276333058132,0.33958589197276051,0.31694683250790984,0.27605046702301828,0.25049023859496106,0.22493001016690384,0.20186026553440092,0.14803086139189411,0.10765880828501401,0.05382940414250722
0.94166666666666665,0.91961358313817332,0.89976580796252936,0.88653395784543332,0.86007025761124134,0.84022248243559727,0.82258001561280258,0.80273224043715852,0.79611631537861050,0.77847384855581581,0.77847384855581581,0.75343521599992702,0.74205401938361393,0.71929162615098774,0.68742427562531105,0.67565331200158996,0.66388234837786886,0.64504880657991515,0.62856945750670556,0.60738172298400761,0.58619398846130966,0.57889696785805678,0.54727654524396119,0.53511484423853983,0.51079144222769712,0.48890038041793865,0.47187399901034871,0.45484761760275877,0.42411467046743717,0.39030842861858345,0.38416183919151914,0.35035559734266541,0.31654935549381169,0.28065200590172990,0.26433502881442000,0.24149126089218614,0.21548450971918143,0.15083915680342658,0.09337662087831115,0.07182816990639287
0.93866666666666665,0.91911111111111110,0.88838095238095238,0.87161904761904763,0.84926984126984129,0.82412698412698415,0.79898412698412702,0.77104761904761909,0.75428571428571434,0.72914285714285720,0.71171314741035863,0.69137848605577690,0.68266363118952766,0.66232896983494594,0.63618440523619801,0.61517831638405940,0.60917657671201975,0.59417222753192078,0.57916787835182171,0.56116265933570286,0.54015657048356425,0.53701612530633425,0.51189256388849402,0.50247122835680391,0.47420722176173369,0.45222410552112352,0.43338143445774341,0.41767920857159324,0.39740351883510816,0.36901755320402901,0.36090727730943495,0.33252131167835580,0.30008020809997960,0.30008020809997960,0.28703324253041529,0.26528829991447472,0.22367444894749827,0.13764581473692192,0.07742577078951848,0.06022004394740322
0.93809523809523809,0.92067702412529995,0.88832891246684353,0.88086396362258435,0.85349248452696735,0.83856258683844898,0.81865605658709106,0.79377289377289384,0.77635467980295569,0.76142478211443732,0.75123849740387627,0.73086592798275418,0.71558650091691256,0.69012078914051000,0.66465507736410745,0.64633781145249825,0.63587080236015003,0.61493678417545372,0.60970327962927962,0.59400276599075741,0.57568550007914809,0.57035507878211888,0.54636818294548772,0.52504649775737111,0.49839439127222535,0.47973791673262328,0.47973791673262328,0.47174228478707952,0.44184312589212382,0.40862183823106191,0.39201119440053095,0.35878990673946903,0.33221287661061949,0.30363542485916839,0.27863015457664864,0.26076924723199169,0.22867457064959273,0.14951798850165696,0.07915658214793625,0.04397587897107590
0.93086419753086425,0.91517547510056874,0.89425717852684139,0.88118324316826191,0.84980579830767100,0.84196143709252325,0.82365792759051193,0.80012484394506878,0.78443612151477327,0.76874739908447776,0.75803314961988577,0.74196177542299768,0.72321183885996165,0.70446190229692562,0.67767627863544555,0.65892634207240952,0.64553353024166948,0.62410503131248540,0.60535509474944937,0.58392659582026540,0.56517665925722937,0.56243308324141761,0.53225374706748796,0.50756156292518184,0.47738222675125214,0.45543361862475779,0.43348501049826349,0.42525428245082814,0.39309219386211008,0.35378297447589907,0.35020940907715264,0.32519445128592744,0.29660592809595582,0.27318967061469618,0.24977341313343654,0.23416257481259678,0.19201331134632943,0.10667406185907224,0.08533924948725795,0.06400443711544367
0.94193548387096770,0.91923824329576365,0.89427127866303924,0.87838321026039645,0.85341624562767204,0.83979790128254961,0.82390983287990671,0.80348231636222300,0.78305479984453930,0.76489700738437605,0.75330765878764305,0.73012896159417706,0.71390387355875085,0.68840730664593830,0.66986434889116553,0.65092825422286404,0.64382721872225102,0.62962514772102485,0.61068905305272336,0.58701893471734645,0.57044985188258268,0.56307334517720442,0.52864964721877272,0.50897896267109743,0.47455526471266568,0.44996690902807163,0.43521389561731516,0.41800204663809931,0.39054205817282273,0.35392874021912057,0.34172430090121986,0.31426431243594327,0.29290654362961704,0.26328678079066697,0.23366701795171693,0.20733833987265021,0.17942740950517805,0.09398578593128365,0.09398578593128365,0.05126497414433644
0.93968253968253967,0.92290249433106575,0.89269841269841266,0.87591836734693873,0.83564625850340135,0.81551020408163266,0.79873015873015873,0.77188208616780052,0.75174603174603183,0.73832199546485267,0.72445679367208549,0.69326008963835928,0.66899598650101666,0.64819818381186589,0.62740038112271512,0.60957650665900165,0.60601173176625889,0.58462308240980265,0.57392875773157459,0.56323443305334642,0.54897533348237559,0.54526604068857576,0.54526604068857576,0.52301028392577675,0.48591735598777841,0.47108018481257902,0.45995230643117951,0.45624301363737968,0.42886843281913689,0.40605628213726791,0.39236899172814654,0.36955684104627756,0.33761983009166102,0.31279484258492124,0.28796985507818146,0.27307486257413760,0.23484438181375836,0.16337000474000588,0.09189562766625341,0.07147437707375270
0.94666666666666666,0.92130952380952380,0.90158730158730160,0.89031746031746040,0.87059523809523820,0.85650793650793655,0.83678571428571435,0.81142857142857150,0.80015873015873029,0.78888888888888908,0.77433374333743354,0.75104551045510470,0.74231242312423140,0.71902419024190256,0.69282492824928266,0.68077579906233865,0.67173895217213064,0.65366525839171463,0.63257928231456262,0.60848102394067449,0.59040733016025837,0.58088463128670587,0.54596806875034654,0.54596806875034654,0.52057420508753971,0.50152880734043459,0.48565764255118038,0.46978647776192611,0.44705487399925231,0.42432327023657845,0.41295746835524150,0.37507146208411840,0.33718545581299536,0.30468565284306809,0.27624832524438175,0.24781099764569542,0.21176576162450339,0.14438574656216152,0.10588288081225189,0.05775429862486485
0.93913043478260871,0.91771703724684894,0.89630363971108917,0.88712646933862060,0.85959495822121523,0.84429967426710117,0.82594533352216426,0.79841382240475878,0.77700042486899901,0.76782325449653055,0.75528736462719948,0.72708161242120450,0.70827777761720789,0.69260791528054400,0.66440216307454902,0.65156347393301184,0.64514412936224330,0.62909576793532185,0.61946675107916893,0.60662806193763175,0.59378937279609456,0.58416035593994176,0.55848297765686739,0.53280559937379302,0.49428953194918146,0.47182182595149141,0.46219280909533850,0.44614444766841704,0.42202853157823234,0.38183533809459114,0.37379669939786292,0.35370010265604235,0.33360350591422178,0.30246717869556111,0.27133085147690039,0.25798671124033151,0.22702830589149176,0.13415308984497254,0.09287521604651956,0.05159734224806659
