signature	mouse_gene	prior_reason	ncbi_mouse_geneid	ensembl_mouse_id	ncbi_resolved_symbol	compara_human_orthologs	closure_conclusion
CiM_UP	Ngp	ID_MAPPING_UNAVAILABLE	18054	ENSMUSG00000032484	ncbi_symbol:Ngp	-	NO_ORTHOLOG_CURATED_AND_COMPARA
CiM_UP	Trem3	ID_MAPPING_UNAVAILABLE	58218	ENSMUSG00000041754	ncbi_symbol:Trem3	-	NO_ORTHOLOG_CURATED_AND_COMPARA
CiM_UP	Cd24a	NOT_IN_MATRIX	12484	ENSMUSG00000047139	ncbi_symbol:Cd24a	-	MAPPING_CONFIRMED_NOT_IN_MATRIX
CiM_UP	Ncf1	NOT_IN_MATRIX	17969	ENSMUSG00000015950	ncbi_symbol:Ncf1	-	MAPPING_CONFIRMED_NOT_IN_MATRIX
CiM_UP	Itgb2l	ID_MAPPING_UNAVAILABLE	16415	ENSMUSG00000000157	ncbi_symbol:Itgb2l	-	NO_ORTHOLOG_CURATED_AND_COMPARA
GMP_origin	Ngp	ID_MAPPING_UNAVAILABLE	18054	ENSMUSG00000032484	ncbi_symbol:Ngp	-	NO_ORTHOLOG_CURATED_AND_COMPARA
GMP_origin	Chil3	ID_MAPPING_UNAVAILABLE	12655	ENSMUSG00000040809	ncbi_symbol:Chil3	-	NO_ORTHOLOG_CURATED_AND_COMPARA
GMP_origin	Chil1	ID_MAPPING_UNAVAILABLE	12654	ENSMUSG00000064246	ncbi_symbol:Chi3l1	-	NO_ORTHOLOG_CURATED_AND_COMPARA
N5P	Wfdc17	ID_MAPPING_UNAVAILABLE	100034251	ENSMUSG00000069792	ncbi_symbol:Wfdc17	-	NO_ORTHOLOG_CURATED_AND_COMPARA
N5P	BC100530	ID_MAPPING_UNAVAILABLE	-	-	ncbi_symbol:	-	SYMBOL_UNRESOLVED_SIGNATURE_DEFECT
N5P	Sirpb1b	ID_MAPPING_UNAVAILABLE	668101	ENSMUSG00000095028	ncbi_symbol:Sirpb1b	-	NO_ORTHOLOG_CURATED_AND_COMPARA
N5P	Gm5483	ID_MAPPING_UNAVAILABLE	433016	ENSMUSG00000079597	ncbi_symbol:Cstdc4	-	NO_ORTHOLOG_CURATED_AND_COMPARA
N5P	Fabp5	NOT_IN_MATRIX	16592	ENSMUSG00000027533	ncbi_symbol:Fabp5	-	MAPPING_CONFIRMED_NOT_IN_MATRIX
N5P	Cd244	ID_MAPPING_UNAVAILABLE	18106	ENSMUSG00000004709	ncbi_symbol:Cd244a	-	NO_ORTHOLOG_CURATED_AND_COMPARA
N5P	AC121583.1	ID_MAPPING_UNAVAILABLE	-	-	ncbi_symbol:	-	SYMBOL_UNRESOLVED_SIGNATURE_DEFECT
N5P	Oasl2	NOT_IN_MATRIX	23962	ENSMUSG00000029561	ncbi_symbol:Oasl2	-	MAPPING_CONFIRMED_NOT_IN_MATRIX
N5P	March7	ID_MAPPING_UNAVAILABLE	57438	ENSMUSG00000026977	ncbi_symbol:Marchf7	-	NO_ORTHOLOG_CURATED_AND_COMPARA
N5P	Gm26740	ID_MAPPING_UNAVAILABLE	102637787	-	ncbi_symbol:Gm26740	-	NO_ORTHOLOG_CURATED_AND_COMPARA
N5P	Hist1h2bc	ID_MAPPING_UNAVAILABLE	68024	ENSMUSG00000018102	ncbi_symbol:H2bc4	-	NO_ORTHOLOG_CURATED_AND_COMPARA
N5P	Lilr4b	ID_MAPPING_UNAVAILABLE	14727	ENSMUSG00000112023	ncbi_symbol:Lilrb4b	-	NO_ORTHOLOG_CURATED_AND_COMPARA
N5P	Trim30a	ID_MAPPING_UNAVAILABLE	20128	ENSMUSG00000030921	ncbi_symbol:Trim30a	-	NO_ORTHOLOG_CURATED_AND_COMPARA
N5P	2810474O19Rik	ID_MAPPING_UNAVAILABLE	67246	ENSMUSG00000032712	ncbi_symbol:Resf1	-	NO_ORTHOLOG_CURATED_AND_COMPARA
N5P	mt-Rnr2	ID_MAPPING_UNAVAILABLE	17725	-	ncbi_symbol:mt-Rnr2	-	NO_ORTHOLOG_CURATED_AND_COMPARA
N5P	Fyb	ID_MAPPING_UNAVAILABLE	23880	ENSMUSG00000022148	ncbi_symbol:Fyb1	-	NO_ORTHOLOG_CURATED_AND_COMPARA
N5P	Gm8797	ID_MAPPING_UNAVAILABLE	667759	ENSMUSG00000103034	ncbi_symbol:Gm8797	-	NO_ORTHOLOG_CURATED_AND_COMPARA
N5P	Slfn1	ID_MAPPING_UNAVAILABLE	20555	ENSMUSG00000078763	ncbi_symbol:Slfn1	-	NO_ORTHOLOG_CURATED_AND_COMPARA
N5P	Gk	NOT_IN_MATRIX	103988	ENSMUSG00000041798	ncbi_symbol:Gck	-	MAPPING_CONFIRMED_NOT_IN_MATRIX
N5P	Gm17619	ID_MAPPING_UNAVAILABLE	100502923	ENSMUSG00000120007	ncbi_symbol:Gm17619	-	NO_ORTHOLOG_CURATED_AND_COMPARA
N5P	Tctex1d2	ID_MAPPING_UNAVAILABLE	66061	ENSMUSG00000014075	ncbi_symbol:Dynlt2b	-	NO_ORTHOLOG_CURATED_AND_COMPARA
N5P	mt-Rnr1	NOT_IN_MATRIX	17724	-	ncbi_symbol:mt-Rnr1	-	MAPPING_CONFIRMED_NOT_IN_MATRIX
N5P	Retnlg	ID_MAPPING_UNAVAILABLE	245195	ENSMUSG00000022651	ncbi_symbol:Retnlg	-	NO_ORTHOLOG_CURATED_AND_COMPARA
N5P	Rps9	NOT_IN_MATRIX	76846	ENSMUSG00000006333	ncbi_symbol:Rps9	-	MAPPING_CONFIRMED_NOT_IN_MATRIX
N5P	H2afj	ID_MAPPING_UNAVAILABLE	232440	ENSMUSG00000060032	ncbi_symbol:H2aj	-	NO_ORTHOLOG_CURATED_AND_COMPARA
N5P	BC117090	ID_MAPPING_UNAVAILABLE	-	-	ncbi_symbol:	-	SYMBOL_UNRESOLVED_SIGNATURE_DEFECT
N5P	Trim12c	ID_MAPPING_UNAVAILABLE	319236	ENSMUSG00000057143	ncbi_symbol:Trim12c	-	NO_ORTHOLOG_CURATED_AND_COMPARA
N5P	2310001H17Rik	ID_MAPPING_UNAVAILABLE	76432	ENSMUSG00000097354	ncbi_symbol:2310001H17Rik	-	NO_ORTHOLOG_CURATED_AND_COMPARA
N5P	Fau	NOT_IN_MATRIX	14109	ENSMUSG00000038274	ncbi_symbol:Fau	-	MAPPING_CONFIRMED_NOT_IN_MATRIX
N5P	Klra17	ID_MAPPING_UNAVAILABLE	170733	ENSMUSG00000014543	ncbi_symbol:Klra17	-	NO_ORTHOLOG_CURATED_AND_COMPARA
N5P	CT010467.1	ID_MAPPING_UNAVAILABLE	-	-	ncbi_symbol:	-	SYMBOL_UNRESOLVED_SIGNATURE_DEFECT
N5P	B430010I23Rik	ID_MAPPING_UNAVAILABLE	102103	ENSMUSG00000045636	ncbi_symbol:Mtus1	-	NO_ORTHOLOG_CURATED_AND_COMPARA
N5P	4732465J04Rik	ID_MAPPING_UNAVAILABLE	414105	-	ncbi_symbol:4732465J04Rik	-	NO_ORTHOLOG_CURATED_AND_COMPARA
N5P	March1	ID_MAPPING_UNAVAILABLE	72925	ENSMUSG00000036469	ncbi_symbol:Marchf1	-	NO_ORTHOLOG_CURATED_AND_COMPARA
N5P	Fcgr3	ID_MAPPING_UNAVAILABLE	14131	ENSMUSG00000059498	ncbi_symbol:Fcgr3	-	NO_ORTHOLOG_CURATED_AND_COMPARA
N5P	Gm1966	ID_MAPPING_UNAVAILABLE	434223	-	ncbi_symbol:Gvin3	-	NO_ORTHOLOG_CURATED_AND_COMPARA
N5P	Hist1h4i	ID_MAPPING_UNAVAILABLE	319158	ENSMUSG00000060639	ncbi_symbol:H4c9	-	NO_ORTHOLOG_CURATED_AND_COMPARA
N5P	2410006H16Rik	ID_MAPPING_UNAVAILABLE	69221	ENSMUSG00000086841	ncbi_symbol:2410006H16Rik	-	NO_ORTHOLOG_CURATED_AND_COMPARA
N5P	Mir142hg	ID_MAPPING_UNAVAILABLE	78591	-	ncbi_symbol:Mir142hg	-	NO_ORTHOLOG_CURATED_AND_COMPARA
N5P	A130071D04Rik	ID_MAPPING_UNAVAILABLE	320791	-	ncbi_symbol:A130071D04Rik	-	NO_ORTHOLOG_CURATED_AND_COMPARA
N5P	Rtfdc1	ID_MAPPING_UNAVAILABLE	66404	ENSMUSG00000027502	ncbi_symbol:Rtf2	-	NO_ORTHOLOG_CURATED_AND_COMPARA
N5P	H3f3a	NOT_IN_MATRIX	15078	ENSMUSG00000060743	ncbi_symbol:H3f3a	-	MAPPING_CONFIRMED_NOT_IN_MATRIX
N5P	1810058I24Rik	ID_MAPPING_UNAVAILABLE	67705	ENSMUSG00000073155	ncbi_symbol:Stmp1	-	NO_ORTHOLOG_CURATED_AND_COMPARA
N5P	Gm45223	ID_MAPPING_UNAVAILABLE	-	-	ncbi_symbol:	-	SYMBOL_UNRESOLVED_SIGNATURE_DEFECT
N5P	Lilrb4a.1	ID_MAPPING_UNAVAILABLE	-	-	ncbi_symbol:	-	SYMBOL_UNRESOLVED_SIGNATURE_DEFECT
N5P	Tprgl	ID_MAPPING_UNAVAILABLE	67808	ENSMUSG00000029030	ncbi_symbol:Tprg1l	-	NO_ORTHOLOG_CURATED_AND_COMPARA
N5P	Il1f9	ID_MAPPING_UNAVAILABLE	215257	ENSMUSG00000044103	ncbi_symbol:Il36g	-	NO_ORTHOLOG_CURATED_AND_COMPARA
N5P	1600010M07Rik	ID_MAPPING_UNAVAILABLE	69781	ENSMUSG00000101585	ncbi_symbol:1600010M07Rik	-	NO_ORTHOLOG_CURATED_AND_COMPARA
N5P	Ikbkap	ID_MAPPING_UNAVAILABLE	230233	ENSMUSG00000028431	ncbi_symbol:Elp1	-	NO_ORTHOLOG_CURATED_AND_COMPARA
N5P	Gm44292	ID_MAPPING_UNAVAILABLE	-	-	ncbi_symbol:	-	SYMBOL_UNRESOLVED_SIGNATURE_DEFECT
N5P	D1Ertd622e	ID_MAPPING_UNAVAILABLE	52392	ENSMUSG00000044768	ncbi_symbol:Macir	-	NO_ORTHOLOG_CURATED_AND_COMPARA
N5P	4833407H14Rik	ID_MAPPING_UNAVAILABLE	381232	-	ncbi_symbol:Mirt1	-	NO_ORTHOLOG_CURATED_AND_COMPARA
N5P	Chil1	ID_MAPPING_UNAVAILABLE	12654	ENSMUSG00000064246	ncbi_symbol:Chi3l1	-	NO_ORTHOLOG_CURATED_AND_COMPARA
N5P	Mirt1	ID_MAPPING_UNAVAILABLE	381232	-	ncbi_symbol:Mirt1	-	NO_ORTHOLOG_CURATED_AND_COMPARA
N5P	Gm20388	ID_MAPPING_UNAVAILABLE	-	-	ncbi_symbol:	-	SYMBOL_UNRESOLVED_SIGNATURE_DEFECT
N5P	Slfn2	ID_MAPPING_UNAVAILABLE	20556	ENSMUSG00000072620	ncbi_symbol:Slfn2	-	NO_ORTHOLOG_CURATED_AND_COMPARA
N5P	Klra2	ID_MAPPING_UNAVAILABLE	16633	ENSMUSG00000030187	ncbi_symbol:Klra2	-	NO_ORTHOLOG_CURATED_AND_COMPARA
N5P	Hist1h1c	ID_MAPPING_UNAVAILABLE	50708	ENSMUSG00000036181	ncbi_symbol:H1f2	-	NO_ORTHOLOG_CURATED_AND_COMPARA
N5P	Atp5l	ID_MAPPING_UNAVAILABLE	27425	ENSMUSG00000038717	ncbi_symbol:Atp5mg	-	NO_ORTHOLOG_CURATED_AND_COMPARA
N5P	A130014A01Rik	ID_MAPPING_UNAVAILABLE	402737	ENSMUSG00000097944	ncbi_symbol:A130014A01Rik	-	NO_ORTHOLOG_CURATED_AND_COMPARA
N5P	Fam129a	ID_MAPPING_UNAVAILABLE	63913	ENSMUSG00000026483	ncbi_symbol:Niban1	-	NO_ORTHOLOG_CURATED_AND_COMPARA
N5P	BC017643	ID_MAPPING_UNAVAILABLE	-	-	ncbi_symbol:	-	SYMBOL_UNRESOLVED_SIGNATURE_DEFECT
N5P	Tpt1	NOT_IN_MATRIX	22070	ENSMUSG00000060126	ncbi_symbol:Tpt1	-	MAPPING_CONFIRMED_NOT_IN_MATRIX
PanInflam_HallmarkIR	CCL2	ID_MAPPING_UNAVAILABLE	20296	ENSMUSG00000035385	ncbi_symbol:Ccl2	-	NO_ORTHOLOG_CURATED_AND_COMPARA
PanInflam_HallmarkIR	CCL7	ID_MAPPING_UNAVAILABLE	20306	ENSMUSG00000035373	ncbi_symbol:Ccl7	-	NO_ORTHOLOG_CURATED_AND_COMPARA
PanInflam_HallmarkIR	CXCL11	ID_MAPPING_UNAVAILABLE	56066	-	ncbi_symbol:Cxcl11	-	NO_ORTHOLOG_CURATED_AND_COMPARA
PanInflam_HallmarkIR	CXCL6	ID_MAPPING_UNAVAILABLE	20311	ENSMUSG00000029371	ncbi_symbol:Cxcl5	-	NO_ORTHOLOG_CURATED_AND_COMPARA
PanInflam_HallmarkIR	CXCL8	ID_MAPPING_UNAVAILABLE	-	-	ncbi_symbol:	-	SYMBOL_UNRESOLVED_SIGNATURE_DEFECT
