id	layer	node_kind	type	role	inputs_to_outputs	official_reference_version	support_scope	evidence	open_items	status
1	A(MR)	twosamplemr	container	官方 TwoSampleMR 五种 MR 方法	1 个 SNP 合并 TSV → 结果表+harmonised 表+RDS+日志	TwoSampleMR 0.7.9 @ v0.7.9(3d119f2) + PLINK2 2.0.0-a.6.26；image sha256:c270de99…	本批 5 输入集×5 方法；IVW 有独立宿主 R 加权回归核验（零截距、1/se^2、欠离散下限、正态双侧 P）；clump=false 分支	results/cachexia-v4/acceptance-ab-20261006/A_method_results.tsv；A_IVW_comparison.tsv；独立核验 §IVW	[CLOSED 2026-10-06 WO-R-03: seed 参数 default=1+RNGkind 冻结，rev 9d4098f→0749 改钉部署，双镜像双跑逐字节一致实锤]；clump=true 分支未验收；多等位/EAF 回文边界未证明；非全方法/全边界	ACCEPTED_PARTIAL
2	A(MR)	twosamplemr_harmonise	container	官方 harmonise_data 产出 snake_case 合并表	暴露 TSV+结局 TSV → 合并 TSV+日志	同上 image	本次 A 未使用该节点（直接喂合并 TSV）	无本次证据	输入布局解析边界、drop 统计报告、与主节点合同衔接未验收	PENDING
3	A(MR)	mrlap	native-Rust	原生 MRlap（内联 LDSC→IVW→校正）	2 个 GWAS sumstat + LD-score 面板表 → 1 行结果表	自研实现；官方对照 MRlap 0.0.3.3	未获准进入正式链	mrlap.rs:10-24 记录的未验证偏差：M=面板行数、jackknife 连续切片、固定 EUR 面板、EAF 回文未实现	修复并数值认证，或正式链永久改用官方容器实现（行 4）	FORBIDDEN_UNTIL_VERIFIED
4	A(MR)	mrlap_official	container(在建)	封装冻结官方 R MRlap 全管线	暴露 TSV+结局 TSV+IV 列表 → summary TSV+RDS+txt 日志（4 端口；IV 保留核对由 RDS 回读派生，非独立输出端口）	MRlap 0.0.3.3 @ 660f026；GenomicSEM 0.0.5；TwoSampleMR 0.7.11（独立记录环境，勿与 0.7.9 混测）	host canonical seed1 三边 51 字段一致；容器镜像 ghcr.io/zj-2002/mrlap-official@sha256:78f195b8…（参考 BLAS 3.12.0 对齐 host 内核）三边容器 parity 51/51≤1e-12；面板 211MB 发布 ZJ-2002/catalog-mrlap-ldsc-eur-w-ld-hm3-no-mhc（digest sha256:c1bdd30e…）并本地 materialize	WO-R02-R03-EVIDENCE.md；deploy-evidence/daemon-boot-20261006.txt（三 run sha256+51/51 部署复现）；test mrlap_e2e --ignored FINAL_EXIT=0	残留挂账：ghcr 版本级 public 复核（包级已翻，匿名 manifest 实测仍 401）、中心 registry PR(discussions/2) 待 wjixiang 合并、其余机器部署需经中心索引拉面板；Z 尺度/IV 集合与 conventional IVW 不得直接相减择优	ACCEPTED_SCOPED
5	B(基因层)	linear_regression	native	一元 OLS：expression ~ condition	供者 expression/condition → 2 行系数表(effect/SE/t/P/R²/N)	对照 stats::lm	本批 696 唯一基因×(效应/SE/P) 与独立 R lm 通过，最大绝对差 8.43e-15/9.44e-16/3.35e-13；编码病例1对照0、无新增协变量	results/cachexia-v4/acceptance-ab-20261006/B_gene_OLS_comparison.tsv	输出 term 为 x1 不自带变量名、无 CI；协变量模型/多分类未在本次验收范围；204 不可估计成员保持 NA 未降格为生物学缺失	ACCEPTED_SCOPED
6	B(模块层)	sql	native	冻结合同：每基因跨 46 供者 z(ddof=1)→在场基因均值→MW 全枚举/精确双侧 P→Spearman 平均秩 rho	已连接 DataFrame → 统计 DataFrame	对照独立 Python+独立 R+旧终版 TSV	46×4=184 格三方一致（最大差 5.42e-16/3.78e-15/4.99e-7，旧表容差 2e-6）；MW 用完整 C(22,5)=26,334 枚举	results/cachexia-v4/acceptance-ab-20261006/B_module_*_comparison.tsv；NODE_INVENTORY.tsv	bw_loss 类数值列必须显式 DOUBLE 转换（v2 字符串排序假 rho 教训）；Spearman 渐近 P 来自宿主 R 非 SQL 原生；完整 45 行(9 旧模块×5 对比)未全部复现	ACCEPTED_SCOPED
7	工程	file_reference	native	给输入建文件绑定与追溯，不做科学计算	路径配置 → FileRef	无官方对照（工程语义）	引用与追溯验证	results/cachexia-v4/acceptance-ab-20261006/NODE_INVENTORY.tsv	manifest/脚本/镜像变化的缓存失效未证明全部验收	PARTIAL
8	工程	file_to_dataframe	native	TSV 读取、产物回读	路径或 FileRef → DataFrame	无官方对照（工程语义）	本批 TSV 的行数与模式	results/cachexia-v4/acceptance-ab-20261006/	不等于所有格式均正确	PARTIAL
9	工程	dataframe_to_file	native	强制实际结果落盘	DataFrame → TSV/FileRef	无官方对照（工程语义）	落盘与可回读	results/cachexia-v4/acceptance-ab-20261006/EVIDENCE_SHA256SUMS	科学审核不在本节点职责；NA→0 类落盘转换须逐项合同	PARTIAL
10	harness	acceptance_pause	harness	注入取消时机，不参与科学计算	合成延迟+输入透传	不适用	禁止进入正式研究链	results/cachexia-v4/acceptance-ab-20261006/ §控制测试	N/A（永久排除）	EXCLUDED
11	评分合同	UCell/singscore	(未装载)	不得与 z-mean 模块评分混用	n/a	n/a	本次验收的 z-mean 不是 UCell 也不是 singscore（ab-run:60）	UCell 官方 vs 原生量纲记录见记忆；两方法若要引入须各自独立验收矩阵行	引入与否未定；不混用合同文本已发布（STEP4_B_MAPPING_AND_SCORING_CONTRACT.md §4.2），引擎原生值不得称 UCell 分	PENDING
12	部署	失败传播/阻断	DAG 引擎	缺失输入：source 成功→regression 失败→下游 skipped，失败输出不存在，诊断落盘	合成缺失输入 DAG → 状态/诊断	—（工程语义，无官方对照）	合成缺失 condition 输入：阻断+诊断落盘实测	results/cachexia-v4/acceptance-ab-20261006/ §控制测试	仅同进程证据；跨进程版本未验收	PARTIAL
13	部署	增量缓存/内容失效	DAG 引擎	无变化同进程增量复用（A 10 项、B 2088 项）；内容变更（字节长/mtime 不变）正确重算 A	同输入重复执行 → 复用/重算判定	—（工程语义）	无变化同进程增量复用（A 10 项、B 2088 项）；内容变更（字节长/mtime 不变）正确重算	results/cachexia-v4/acceptance-ab-20261006/ §控制测试	manifest/脚本/镜像失效未全部验收；best-effort 哈希失败是否强制阻断未证明	PARTIAL
14	部署	取消后同进程续跑	DAG 引擎	pause 取消→incremental 续跑→22 行回读	pause 取消 → 续跑 → 产物回读	—（工程语义）	同进程：第一阶段取消→incremental 续跑→22 行产物回读	results/cachexia-v4/acceptance-ab-20261006/ §控制测试	不是进程崩溃/服务重启/旧容器杀停/跨进程快照恢复验收	PARTIAL
15	部署	容器资源限额	运行时	A 容器 2CPU/2GiB/禁网/禁运行时拉取	容器/运行时资源参数 → 限额执行	—（工程语义）	A 容器设 2CPU/2GiB/禁网/禁止运行时拉取	results/cachexia-v4/acceptance-ab-20261006/ §实际运行身份	B 原生节点无同等容器级硬限额；宿主 CPU quota/任务级 8GiB 未建立；全机内存采样≠节点 RSS；跨智能体全局并发未证明	PARTIAL
